Player name,PlayerTeam,Team1,Team2,Team1score,Team2score,GmSc,GameOfSeries
Obi Toppin,IND,Indiana Pacers,Oklahoma City Thunder,111,110,12.2,Game 1
T.J. McConnell,IND,Indiana Pacers,Oklahoma City Thunder,111,110,7.1,Game 1
Bennedict Mathurin,IND,Indiana Pacers,Oklahoma City Thunder,111,110,3.9,Game 1
Ben Sheppard,IND,Indiana Pacers,Oklahoma City Thunder,111,110,1.4,Game 1
Thomas Bryant,IND,Indiana Pacers,Oklahoma City Thunder,111,110,3.2,Game 1
Isaiah Jackson,IND,Indiana Pacers,Oklahoma City Thunder,111,110,,Game 1
Jarace Walker,IND,Indiana Pacers,Oklahoma City Thunder,111,110,,Game 1
Alex Caruso,OKC,Indiana Pacers,Oklahoma City Thunder,111,110,11.6,Game 1
Isaiah Hartenstein,OKC,Indiana Pacers,Oklahoma City Thunder,111,110,10.4,Game 1
Isaiah Joe,OKC,Indiana Pacers,Oklahoma City Thunder,111,110,3.7,Game 1
Aaron Wiggins,OKC,Indiana Pacers,Oklahoma City Thunder,111,110,0.6,Game 1
Ajay Mitchell,OKC,Indiana Pacers,Oklahoma City Thunder,111,110,0.0,Game 1
Kenrich Williams,OKC,Indiana Pacers,Oklahoma City Thunder,111,110,0.0,Game 1
Bennedict Mathurin,IND,Indiana Pacers,Oklahoma City Thunder,107,123,7.6,Game 2
Obi Toppin,IND,Indiana Pacers,Oklahoma City Thunder,107,123,0.7,Game 2
T.J. McConnell,IND,Indiana Pacers,Oklahoma City Thunder,107,123,14.4,Game 2
Ben Sheppard,IND,Indiana Pacers,Oklahoma City Thunder,107,123,2.6,Game 2
Thomas Bryant,IND,Indiana Pacers,Oklahoma City Thunder,107,123,0.1,Game 2
Johnny Furphy,IND,Indiana Pacers,Oklahoma City Thunder,107,123,-0.1,Game 2
James Johnson,IND,Indiana Pacers,Oklahoma City Thunder,107,123,0.9,Game 2
Isaiah Jackson,IND,Indiana Pacers,Oklahoma City Thunder,107,123,,Game 2
Jarace Walker,IND,Indiana Pacers,Oklahoma City Thunder,107,123,,Game 2
Alex Caruso,OKC,Indiana Pacers,Oklahoma City Thunder,107,123,13.5,Game 2
Isaiah Hartenstein,OKC,Indiana Pacers,Oklahoma City Thunder,107,123,8.0,Game 2
Aaron Wiggins,OKC,Indiana Pacers,Oklahoma City Thunder,107,123,14.2,Game 2
Kenrich Williams,OKC,Indiana Pacers,Oklahoma City Thunder,107,123,2.4,Game 2
Isaiah Joe,OKC,Indiana Pacers,Oklahoma City Thunder,107,123,-0.4,Game 2
Ajay Mitchell,OKC,Indiana Pacers,Oklahoma City Thunder,107,123,3.0,Game 2
Jaylin Williams,OKC,Indiana Pacers,Oklahoma City Thunder,107,123,2.0,Game 2
Ousmane Dieng,OKC,Indiana Pacers,Oklahoma City Thunder,107,123,0.0,Game 2
Dillon Jones,OKC,Indiana Pacers,Oklahoma City Thunder,107,123,0.0,Game 2
Alex Caruso,OKC,Oklahoma City Thunder,Indiana Pacers,107,116,9.8,Game 3
Isaiah Hartenstein,OKC,Oklahoma City Thunder,Indiana Pacers,107,116,1.8,Game 3
Aaron Wiggins,OKC,Oklahoma City Thunder,Indiana Pacers,107,116,-1.2,Game 3
Isaiah Joe,OKC,Oklahoma City Thunder,Indiana Pacers,107,116,4.6,Game 3
Kenrich Williams,OKC,Oklahoma City Thunder,Indiana Pacers,107,116,-0.7,Game 3
Jaylin Williams,OKC,Oklahoma City Thunder,Indiana Pacers,107,116,0.0,Game 3
Obi Toppin,IND,Oklahoma City Thunder,Indiana Pacers,107,116,6.1,Game 3
Bennedict Mathurin,IND,Oklahoma City Thunder,Indiana Pacers,107,116,23.8,Game 3
Ben Sheppard,IND,Oklahoma City Thunder,Indiana Pacers,107,116,3.9,Game 3
T.J. McConnell,IND,Oklahoma City Thunder,Indiana Pacers,107,116,12.4,Game 3
Thomas Bryant,IND,Oklahoma City Thunder,Indiana Pacers,107,116,-0.8,Game 3
Isaiah Jackson,IND,Oklahoma City Thunder,Indiana Pacers,107,116,,Game 3
Jarace Walker,IND,Oklahoma City Thunder,Indiana Pacers,107,116,,Game 3
Alex Caruso,OKC,Oklahoma City Thunder,Indiana Pacers,111,104,19.9,Game 4
Cason Wallace,OKC,Oklahoma City Thunder,Indiana Pacers,111,104,-1.7,Game 4
Kenrich Williams,OKC,Oklahoma City Thunder,Indiana Pacers,111,104,3.4,Game 4
Aaron Wiggins,OKC,Oklahoma City Thunder,Indiana Pacers,111,104,0.2,Game 4
Isaiah Joe,OKC,Oklahoma City Thunder,Indiana Pacers,111,104,-0.2,Game 4
Obi Toppin,IND,Oklahoma City Thunder,Indiana Pacers,111,104,13.9,Game 4
T.J. McConnell,IND,Oklahoma City Thunder,Indiana Pacers,111,104,5.4,Game 4
Bennedict Mathurin,IND,Oklahoma City Thunder,Indiana Pacers,111,104,4.6,Game 4
Ben Sheppard,IND,Oklahoma City Thunder,Indiana Pacers,111,104,0.5,Game 4
Isaiah Jackson,IND,Oklahoma City Thunder,Indiana Pacers,111,104,,Game 4
Jarace Walker,IND,Oklahoma City Thunder,Indiana Pacers,111,104,,Game 4
Bennedict Mathurin,IND,Indiana Pacers,Oklahoma City Thunder,109,120,4.4,Game 5
T.J. McConnell,IND,Indiana Pacers,Oklahoma City Thunder,109,120,13.2,Game 5
Obi Toppin,IND,Indiana Pacers,Oklahoma City Thunder,109,120,8.2,Game 5
Tony Bradley,IND,Indiana Pacers,Oklahoma City Thunder,109,120,2.8,Game 5
Ben Sheppard,IND,Indiana Pacers,Oklahoma City Thunder,109,120,0.0,Game 5
Johnny Furphy,IND,Indiana Pacers,Oklahoma City Thunder,109,120,1.3,Game 5
Thomas Bryant,IND,Indiana Pacers,Oklahoma City Thunder,109,120,1.0,Game 5
Isaiah Jackson,IND,Indiana Pacers,Oklahoma City Thunder,109,120,,Game 5
Jarace Walker,IND,Indiana Pacers,Oklahoma City Thunder,109,120,,Game 5
Alex Caruso,OKC,Indiana Pacers,Oklahoma City Thunder,109,120,1.7,Game 5
Aaron Wiggins,OKC,Indiana Pacers,Oklahoma City Thunder,109,120,9.4,Game 5
Cason Wallace,OKC,Indiana Pacers,Oklahoma City Thunder,109,120,14.0,Game 5
Kenrich Williams,OKC,Indiana Pacers,Oklahoma City Thunder,109,120,0.3,Game 5
Alex Caruso,OKC,Oklahoma City Thunder,Indiana Pacers,91,108,0.2,Game 6
Kenrich Williams,OKC,Oklahoma City Thunder,Indiana Pacers,91,108,2.1,Game 6
Aaron Wiggins,OKC,Oklahoma City Thunder,Indiana Pacers,91,108,1.8,Game 6
Isaiah Joe,OKC,Oklahoma City Thunder,Indiana Pacers,91,108,9.0,Game 6
Cason Wallace,OKC,Oklahoma City Thunder,Indiana Pacers,91,108,0.7,Game 6
Jaylin Williams,OKC,Oklahoma City Thunder,Indiana Pacers,91,108,7.7,Game 6
Ajay Mitchell,OKC,Oklahoma City Thunder,Indiana Pacers,91,108,0.7,Game 6
Dillon Jones,OKC,Oklahoma City Thunder,Indiana Pacers,91,108,3.7,Game 6
Ousmane Dieng,OKC,Oklahoma City Thunder,Indiana Pacers,91,108,2.0,Game 6
T.J. McConnell,IND,Oklahoma City Thunder,Indiana Pacers,91,108,12.7,Game 6
Obi Toppin,IND,Oklahoma City Thunder,Indiana Pacers,91,108,15.2,Game 6
Ben Sheppard,IND,Oklahoma City Thunder,Indiana Pacers,91,108,6.4,Game 6
Bennedict Mathurin,IND,Oklahoma City Thunder,Indiana Pacers,91,108,3.2,Game 6
Thomas Bryant,IND,Oklahoma City Thunder,Indiana Pacers,91,108,2.6,Game 6
Tony Bradley,IND,Oklahoma City Thunder,Indiana Pacers,91,108,3.0,Game 6
Johnny Furphy,IND,Oklahoma City Thunder,Indiana Pacers,91,108,-1.0,Game 6
James Johnson,IND,Oklahoma City Thunder,Indiana Pacers,91,108,-0.7,Game 6
Isaiah Jackson,IND,Oklahoma City Thunder,Indiana Pacers,91,108,,Game 6
Jarace Walker,IND,Oklahoma City Thunder,Indiana Pacers,91,108,,Game 6
Bennedict Mathurin,IND,Indiana Pacers,Oklahoma City Thunder,91,103,23.2,Game 7
T.J. McConnell,IND,Indiana Pacers,Oklahoma City Thunder,91,103,7.9,Game 7
Obi Toppin,IND,Indiana Pacers,Oklahoma City Thunder,91,103,-5.3,Game 7
Ben Sheppard,IND,Indiana Pacers,Oklahoma City Thunder,91,103,-0.5,Game 7
Tony Bradley,IND,Indiana Pacers,Oklahoma City Thunder,91,103,0.5,Game 7
Thomas Bryant,IND,Indiana Pacers,Oklahoma City Thunder,91,103,-0.7,Game 7
Johnny Furphy,IND,Indiana Pacers,Oklahoma City Thunder,91,103,0.0,Game 7
Isaiah Jackson,IND,Indiana Pacers,Oklahoma City Thunder,91,103,,Game 7
Jarace Walker,IND,Indiana Pacers,Oklahoma City Thunder,91,103,,Game 7
Alex Caruso,OKC,Indiana Pacers,Oklahoma City Thunder,91,103,8.8,Game 7
Cason Wallace,OKC,Indiana Pacers,Oklahoma City Thunder,91,103,9.6,Game 7
Aaron Wiggins,OKC,Indiana Pacers,Oklahoma City Thunder,91,103,-0.8,Game 7
Kenrich Williams,OKC,Indiana Pacers,Oklahoma City Thunder,91,103,0.0,Game 7
Ousmane Dieng,OKC,Indiana Pacers,Oklahoma City Thunder,91,103,0.0,Game 7
Dillon Jones,OKC,Indiana Pacers,Oklahoma City Thunder,91,103,-0.4,Game 7
Ajay Mitchell,OKC,Indiana Pacers,Oklahoma City Thunder,91,103,-1.0,Game 7
Bennedict Mathurin,IND,Indiana Pacers,New York Knicks,138,135,7.6,Game 1
Obi Toppin,IND,Indiana Pacers,New York Knicks,138,135,7.7,Game 1
T.J. McConnell,IND,Indiana Pacers,New York Knicks,138,135,5.3,Game 1
Thomas Bryant,IND,Indiana Pacers,New York Knicks,138,135,2.9,Game 1
Ben Sheppard,IND,Indiana Pacers,New York Knicks,138,135,-0.4,Game 1
Isaiah Jackson,IND,Indiana Pacers,New York Knicks,138,135,,Game 1
Miles McBride,NYK,Indiana Pacers,New York Knicks,138,135,6.1,Game 1
Mitchell Robinson,NYK,Indiana Pacers,New York Knicks,138,135,6.9,Game 1
Cameron Payne,NYK,Indiana Pacers,New York Knicks,138,135,1.7,Game 1
Delon Wright,NYK,Indiana Pacers,New York Knicks,138,135,0.0,Game 1
Obi Toppin,IND,Indiana Pacers,New York Knicks,114,109,0.8,Game 2
T.J. McConnell,IND,Indiana Pacers,New York Knicks,114,109,8.4,Game 2
Ben Sheppard,IND,Indiana Pacers,New York Knicks,114,109,4.6,Game 2
Bennedict Mathurin,IND,Indiana Pacers,New York Knicks,114,109,-1.7,Game 2
Tony Bradley,IND,Indiana Pacers,New York Knicks,114,109,0.2,Game 2
Thomas Bryant,IND,Indiana Pacers,New York Knicks,114,109,-1.8,Game 2
Isaiah Jackson,IND,Indiana Pacers,New York Knicks,114,109,,Game 2
Mitchell Robinson,NYK,Indiana Pacers,New York Knicks,114,109,9.5,Game 2
Miles McBride,NYK,Indiana Pacers,New York Knicks,114,109,0.8,Game 2
Cameron Payne,NYK,Indiana Pacers,New York Knicks,114,109,-2.4,Game 2
Josh Hart,NYK,New York Knicks,Indiana Pacers,106,100,11.7,Game 3
Miles McBride,NYK,New York Knicks,Indiana Pacers,106,100,4.4,Game 3
Delon Wright,NYK,New York Knicks,Indiana Pacers,106,100,3.4,Game 3
Landry Shamet,NYK,New York Knicks,Indiana Pacers,106,100,2.4,Game 3
Ben Sheppard,IND,New York Knicks,Indiana Pacers,106,100,1.6,Game 3
T.J. McConnell,IND,New York Knicks,Indiana Pacers,106,100,9.1,Game 3
Tony Bradley,IND,New York Knicks,Indiana Pacers,106,100,1.5,Game 3
Obi Toppin,IND,New York Knicks,Indiana Pacers,106,100,3.8,Game 3
Bennedict Mathurin,IND,New York Knicks,Indiana Pacers,106,100,1.9,Game 3
Isaiah Jackson,IND,New York Knicks,Indiana Pacers,106,100,,Game 3
Josh Hart,NYK,New York Knicks,Indiana Pacers,121,130,7.5,Game 4
Miles McBride,NYK,New York Knicks,Indiana Pacers,121,130,0.9,Game 4
Landry Shamet,NYK,New York Knicks,Indiana Pacers,121,130,2.9,Game 4
Delon Wright,NYK,New York Knicks,Indiana Pacers,121,130,3.4,Game 4
Precious Achiuwa,NYK,New York Knicks,Indiana Pacers,121,130,0.3,Game 4
T.J. McConnell,IND,New York Knicks,Indiana Pacers,121,130,5.5,Game 4
Obi Toppin,IND,New York Knicks,Indiana Pacers,121,130,6.5,Game 4
Ben Sheppard,IND,New York Knicks,Indiana Pacers,121,130,1.5,Game 4
Bennedict Mathurin,IND,New York Knicks,Indiana Pacers,121,130,17.6,Game 4
Tony Bradley,IND,New York Knicks,Indiana Pacers,121,130,2.6,Game 4
Isaiah Jackson,IND,New York Knicks,Indiana Pacers,121,130,,Game 4
Bennedict Mathurin,IND,Indiana Pacers,New York Knicks,94,111,17.3,Game 5
Ben Sheppard,IND,Indiana Pacers,New York Knicks,94,111,6.9,Game 5
Obi Toppin,IND,Indiana Pacers,New York Knicks,94,111,5.0,Game 5
T.J. McConnell,IND,Indiana Pacers,New York Knicks,94,111,7.0,Game 5
Jarace Walker,IND,Indiana Pacers,New York Knicks,94,111,3.6,Game 5
Tony Bradley,IND,Indiana Pacers,New York Knicks,94,111,2.7,Game 5
Thomas Bryant,IND,Indiana Pacers,New York Knicks,94,111,-1.1,Game 5
Johnny Furphy,IND,Indiana Pacers,New York Knicks,94,111,0.3,Game 5
Isaiah Jackson,IND,Indiana Pacers,New York Knicks,94,111,,Game 5
Josh Hart,NYK,Indiana Pacers,New York Knicks,94,111,12.0,Game 5
Miles McBride,NYK,Indiana Pacers,New York Knicks,94,111,2.9,Game 5
Landry Shamet,NYK,Indiana Pacers,New York Knicks,94,111,3.2,Game 5
Delon Wright,NYK,Indiana Pacers,New York Knicks,94,111,1.0,Game 5
Precious Achiuwa,NYK,Indiana Pacers,New York Knicks,94,111,1.5,Game 5
Ariel Hukporti,NYK,Indiana Pacers,New York Knicks,94,111,1.7,Game 5
Josh Hart,NYK,New York Knicks,Indiana Pacers,108,125,3.9,Game 6
Landry Shamet,NYK,New York Knicks,Indiana Pacers,108,125,9.3,Game 6
Delon Wright,NYK,New York Knicks,Indiana Pacers,108,125,0.9,Game 6
Miles McBride,NYK,New York Knicks,Indiana Pacers,108,125,2.2,Game 6
Precious Achiuwa,NYK,New York Knicks,Indiana Pacers,108,125,0.0,Game 6
Pacome Dadiet,NYK,New York Knicks,Indiana Pacers,108,125,0.0,Game 6
Ariel Hukporti,NYK,New York Knicks,Indiana Pacers,108,125,-0.8,Game 6
Tyler Kolek,NYK,New York Knicks,Indiana Pacers,108,125,2.1,Game 6
Obi Toppin,IND,New York Knicks,Indiana Pacers,108,125,15.6,Game 6
Ben Sheppard,IND,New York Knicks,Indiana Pacers,108,125,1.2,Game 6
T.J. McConnell,IND,New York Knicks,Indiana Pacers,108,125,0.8,Game 6
Thomas Bryant,IND,New York Knicks,Indiana Pacers,108,125,10.3,Game 6
Bennedict Mathurin,IND,New York Knicks,Indiana Pacers,108,125,1.9,Game 6
Jarace Walker,IND,New York Knicks,Indiana Pacers,108,125,2.4,Game 6
Johnny Furphy,IND,New York Knicks,Indiana Pacers,108,125,0.0,Game 6
James Johnson,IND,New York Knicks,Indiana Pacers,108,125,0.0,Game 6
Isaiah Jackson,IND,New York Knicks,Indiana Pacers,108,125,,Game 6
Donte DiVincenzo,MIN,Minnesota Timberwolves,Oklahoma City Thunder,88,114,2.6,Game 1
Naz Reid,MIN,Minnesota Timberwolves,Oklahoma City Thunder,88,114,0.0,Game 1
Nickeil Alexander-Walker,MIN,Minnesota Timberwolves,Oklahoma City Thunder,88,114,3.9,Game 1
Jaylen Clark,MIN,Minnesota Timberwolves,Oklahoma City Thunder,88,114,3.0,Game 1
Terrence Shannon Jr.,MIN,Minnesota Timberwolves,Oklahoma City Thunder,88,114,1.0,Game 1
Rob Dillingham,MIN,Minnesota Timberwolves,Oklahoma City Thunder,88,114,0.0,Game 1
Luka Garza,MIN,Minnesota Timberwolves,Oklahoma City Thunder,88,114,0.0,Game 1
Josh Minott,MIN,Minnesota Timberwolves,Oklahoma City Thunder,88,114,-0.4,Game 1
Cason Wallace,OKC,Minnesota Timberwolves,Oklahoma City Thunder,88,114,5.1,Game 1
Alex Caruso,OKC,Minnesota Timberwolves,Oklahoma City Thunder,88,114,6.1,Game 1
Isaiah Joe,OKC,Minnesota Timberwolves,Oklahoma City Thunder,88,114,9.1,Game 1
Aaron Wiggins,OKC,Minnesota Timberwolves,Oklahoma City Thunder,88,114,1.2,Game 1
Kenrich Williams,OKC,Minnesota Timberwolves,Oklahoma City Thunder,88,114,5.8,Game 1
Ajay Mitchell,OKC,Minnesota Timberwolves,Oklahoma City Thunder,88,114,0.7,Game 1
Ousmane Dieng,OKC,Minnesota Timberwolves,Oklahoma City Thunder,88,114,0.0,Game 1
Dillon Jones,OKC,Minnesota Timberwolves,Oklahoma City Thunder,88,114,3.4,Game 1
Naz Reid,MIN,Minnesota Timberwolves,Oklahoma City Thunder,103,118,6.8,Game 2
Nickeil Alexander-Walker,MIN,Minnesota Timberwolves,Oklahoma City Thunder,103,118,12.6,Game 2
Donte DiVincenzo,MIN,Minnesota Timberwolves,Oklahoma City Thunder,103,118,2.2,Game 2
Cason Wallace,OKC,Minnesota Timberwolves,Oklahoma City Thunder,103,118,10.1,Game 2
Alex Caruso,OKC,Minnesota Timberwolves,Oklahoma City Thunder,103,118,6.3,Game 2
Aaron Wiggins,OKC,Minnesota Timberwolves,Oklahoma City Thunder,103,118,0.6,Game 2
Isaiah Joe,OKC,Minnesota Timberwolves,Oklahoma City Thunder,103,118,1.0,Game 2
Kenrich Williams,OKC,Minnesota Timberwolves,Oklahoma City Thunder,103,118,-0.4,Game 2
Ajay Mitchell,OKC,Oklahoma City Thunder,Minnesota Timberwolves,101,143,9.6,Game 3
Isaiah Joe,OKC,Oklahoma City Thunder,Minnesota Timberwolves,101,143,0.1,Game 3
Jaylin Williams,OKC,Oklahoma City Thunder,Minnesota Timberwolves,101,143,-0.4,Game 3
Aaron Wiggins,OKC,Oklahoma City Thunder,Minnesota Timberwolves,101,143,1.9,Game 3
Cason Wallace,OKC,Oklahoma City Thunder,Minnesota Timberwolves,101,143,3.0,Game 3
Kenrich Williams,OKC,Oklahoma City Thunder,Minnesota Timberwolves,101,143,4.7,Game 3
Alex Caruso,OKC,Oklahoma City Thunder,Minnesota Timberwolves,101,143,-0.9,Game 3
Dillon Jones,OKC,Oklahoma City Thunder,Minnesota Timberwolves,101,143,11.1,Game 3
Ousmane Dieng,OKC,Oklahoma City Thunder,Minnesota Timberwolves,101,143,5.7,Game 3
Naz Reid,MIN,Oklahoma City Thunder,Minnesota Timberwolves,101,143,10.3,Game 3
Nickeil Alexander-Walker,MIN,Oklahoma City Thunder,Minnesota Timberwolves,101,143,7.4,Game 3
Donte DiVincenzo,MIN,Oklahoma City Thunder,Minnesota Timberwolves,101,143,7.0,Game 3
Terrence Shannon Jr.,MIN,Oklahoma City Thunder,Minnesota Timberwolves,101,143,12.9,Game 3
Jaylen Clark,MIN,Oklahoma City Thunder,Minnesota Timberwolves,101,143,5.0,Game 3
Rob Dillingham,MIN,Oklahoma City Thunder,Minnesota Timberwolves,101,143,2.3,Game 3
Leonard Miller,MIN,Oklahoma City Thunder,Minnesota Timberwolves,101,143,9.5,Game 3
Josh Minott,MIN,Oklahoma City Thunder,Minnesota Timberwolves,101,143,-2.4,Game 3
Luka Garza,MIN,Oklahoma City Thunder,Minnesota Timberwolves,101,143,6.1,Game 3
Alex Caruso,OKC,Oklahoma City Thunder,Minnesota Timberwolves,128,126,8.2,Game 4
Cason Wallace,OKC,Oklahoma City Thunder,Minnesota Timberwolves,128,126,8.0,Game 4
Kenrich Williams,OKC,Oklahoma City Thunder,Minnesota Timberwolves,128,126,5.3,Game 4
Isaiah Joe,OKC,Oklahoma City Thunder,Minnesota Timberwolves,128,126,1.6,Game 4
Jaylin Williams,OKC,Oklahoma City Thunder,Minnesota Timberwolves,128,126,0.0,Game 4
Nickeil Alexander-Walker,MIN,Oklahoma City Thunder,Minnesota Timberwolves,128,126,21.7,Game 4
Donte DiVincenzo,MIN,Oklahoma City Thunder,Minnesota Timberwolves,128,126,19.5,Game 4
Naz Reid,MIN,Oklahoma City Thunder,Minnesota Timberwolves,128,126,12.0,Game 4
Terrence Shannon Jr.,MIN,Oklahoma City Thunder,Minnesota Timberwolves,128,126,5.5,Game 4
Naz Reid,MIN,Minnesota Timberwolves,Oklahoma City Thunder,94,124,7.6,Game 5
Donte DiVincenzo,MIN,Minnesota Timberwolves,Oklahoma City Thunder,94,124,5.4,Game 5
Nickeil Alexander-Walker,MIN,Minnesota Timberwolves,Oklahoma City Thunder,94,124,-5.3,Game 5
Terrence Shannon Jr.,MIN,Minnesota Timberwolves,Oklahoma City Thunder,94,124,5.7,Game 5
Rob Dillingham,MIN,Minnesota Timberwolves,Oklahoma City Thunder,94,124,6.0,Game 5
Luka Garza,MIN,Minnesota Timberwolves,Oklahoma City Thunder,94,124,4.8,Game 5
Josh Minott,MIN,Minnesota Timberwolves,Oklahoma City Thunder,94,124,1.7,Game 5
Jaylen Clark,MIN,Minnesota Timberwolves,Oklahoma City Thunder,94,124,3.0,Game 5
Alex Caruso,OKC,Minnesota Timberwolves,Oklahoma City Thunder,94,124,10.3,Game 5
Cason Wallace,OKC,Minnesota Timberwolves,Oklahoma City Thunder,94,124,4.7,Game 5
Aaron Wiggins,OKC,Minnesota Timberwolves,Oklahoma City Thunder,94,124,0.2,Game 5
Kenrich Williams,OKC,Minnesota Timberwolves,Oklahoma City Thunder,94,124,2.6,Game 5
Isaiah Joe,OKC,Minnesota Timberwolves,Oklahoma City Thunder,94,124,10.1,Game 5
Ajay Mitchell,OKC,Minnesota Timberwolves,Oklahoma City Thunder,94,124,1.0,Game 5
Jaylin Williams,OKC,Minnesota Timberwolves,Oklahoma City Thunder,94,124,-1.2,Game 5
Ousmane Dieng,OKC,Minnesota Timberwolves,Oklahoma City Thunder,94,124,3.4,Game 5
Dillon Jones,OKC,Minnesota Timberwolves,Oklahoma City Thunder,94,124,0.0,Game 5
Bennedict Mathurin,IND,Indiana Pacers,Cleveland Cavaliers,121,112,7.1,Game 1
T.J. McConnell,IND,Indiana Pacers,Cleveland Cavaliers,121,112,4.0,Game 1
Obi Toppin,IND,Indiana Pacers,Cleveland Cavaliers,121,112,6.2,Game 1
Jarace Walker,IND,Indiana Pacers,Cleveland Cavaliers,121,112,-0.1,Game 1
Ben Sheppard,IND,Indiana Pacers,Cleveland Cavaliers,121,112,-1.1,Game 1
Thomas Bryant,IND,Indiana Pacers,Cleveland Cavaliers,121,112,1.3,Game 1
De'Andre Hunter,CLE,Indiana Pacers,Cleveland Cavaliers,121,112,7.9,Game 1
Ty Jerome,CLE,Indiana Pacers,Cleveland Cavaliers,121,112,16.7,Game 1
Dean Wade,CLE,Indiana Pacers,Cleveland Cavaliers,121,112,-1.3,Game 1
Isaac Okoro,CLE,Indiana Pacers,Cleveland Cavaliers,121,112,2.4,Game 1
Darius Garland,CLE,Indiana Pacers,Cleveland Cavaliers,121,112,,Game 1
Bennedict Mathurin,IND,Indiana Pacers,Cleveland Cavaliers,120,119,14.5,Game 2
Obi Toppin,IND,Indiana Pacers,Cleveland Cavaliers,120,119,6.3,Game 2
T.J. McConnell,IND,Indiana Pacers,Cleveland Cavaliers,120,119,1.2,Game 2
Thomas Bryant,IND,Indiana Pacers,Cleveland Cavaliers,120,119,-1.1,Game 2
Ben Sheppard,IND,Indiana Pacers,Cleveland Cavaliers,120,119,-0.1,Game 2
Jarace Walker,IND,Indiana Pacers,Cleveland Cavaliers,120,119,-1.4,Game 2
Isaac Okoro,CLE,Indiana Pacers,Cleveland Cavaliers,120,119,6.1,Game 2
Sam Merrill,CLE,Indiana Pacers,Cleveland Cavaliers,120,119,11.8,Game 2
Javonte Green,CLE,Indiana Pacers,Cleveland Cavaliers,120,119,1.0,Game 2
Craig Porter Jr.,CLE,Indiana Pacers,Cleveland Cavaliers,120,119,2.7,Game 2
Darius Garland,CLE,Indiana Pacers,Cleveland Cavaliers,120,119,,Game 2
De'Andre Hunter,CLE,Indiana Pacers,Cleveland Cavaliers,120,119,,Game 2
Evan Mobley,CLE,Indiana Pacers,Cleveland Cavaliers,120,119,,Game 2
De'Andre Hunter,CLE,Cleveland Cavaliers,Indiana Pacers,126,104,5.3,Game 3
Sam Merrill,CLE,Cleveland Cavaliers,Indiana Pacers,126,104,0.0,Game 3
Dean Wade,CLE,Cleveland Cavaliers,Indiana Pacers,126,104,0.2,Game 3
Ty Jerome,CLE,Cleveland Cavaliers,Indiana Pacers,126,104,-6.7,Game 3
Isaac Okoro,CLE,Cleveland Cavaliers,Indiana Pacers,126,104,0.5,Game 3
Craig Porter Jr.,CLE,Cleveland Cavaliers,Indiana Pacers,126,104,2.0,Game 3
Javonte Green,CLE,Cleveland Cavaliers,Indiana Pacers,126,104,-1.1,Game 3
Bennedict Mathurin,IND,Cleveland Cavaliers,Indiana Pacers,126,104,15.0,Game 3
T.J. McConnell,IND,Cleveland Cavaliers,Indiana Pacers,126,104,13.4,Game 3
Obi Toppin,IND,Cleveland Cavaliers,Indiana Pacers,126,104,3.0,Game 3
Thomas Bryant,IND,Cleveland Cavaliers,Indiana Pacers,126,104,2.8,Game 3
Ben Sheppard,IND,Cleveland Cavaliers,Indiana Pacers,126,104,1.9,Game 3
James Johnson,IND,Cleveland Cavaliers,Indiana Pacers,126,104,2.2,Game 3
Jarace Walker,IND,Cleveland Cavaliers,Indiana Pacers,126,104,0.8,Game 3
Johnny Furphy,IND,Cleveland Cavaliers,Indiana Pacers,126,104,0.2,Game 3
Tony Bradley,IND,Cleveland Cavaliers,Indiana Pacers,126,104,-0.4,Game 3
Isaac Okoro,CLE,Cleveland Cavaliers,Indiana Pacers,109,129,9.2,Game 4
Ty Jerome,CLE,Cleveland Cavaliers,Indiana Pacers,109,129,2.5,Game 4
De'Andre Hunter,CLE,Cleveland Cavaliers,Indiana Pacers,109,129,-0.6,Game 4
Sam Merrill,CLE,Cleveland Cavaliers,Indiana Pacers,109,129,1.0,Game 4
Jaylon Tyson,CLE,Cleveland Cavaliers,Indiana Pacers,109,129,8.9,Game 4
Tristan Thompson,CLE,Cleveland Cavaliers,Indiana Pacers,109,129,2.7,Game 4
Dean Wade,CLE,Cleveland Cavaliers,Indiana Pacers,109,129,4.7,Game 4
Craig Porter Jr.,CLE,Cleveland Cavaliers,Indiana Pacers,109,129,6.8,Game 4
Javonte Green,CLE,Cleveland Cavaliers,Indiana Pacers,109,129,1.5,Game 4
Chuma Okeke,CLE,Cleveland Cavaliers,Indiana Pacers,109,129,3.4,Game 4
Ben Sheppard,IND,Cleveland Cavaliers,Indiana Pacers,109,129,5.9,Game 4
Obi Toppin,IND,Cleveland Cavaliers,Indiana Pacers,109,129,15.1,Game 4
T.J. McConnell,IND,Cleveland Cavaliers,Indiana Pacers,109,129,13.7,Game 4
Jarace Walker,IND,Cleveland Cavaliers,Indiana Pacers,109,129,-0.1,Game 4
Johnny Furphy,IND,Cleveland Cavaliers,Indiana Pacers,109,129,-1.6,Game 4
Thomas Bryant,IND,Cleveland Cavaliers,Indiana Pacers,109,129,3.2,Game 4
James Johnson,IND,Cleveland Cavaliers,Indiana Pacers,109,129,4.8,Game 4
Tony Bradley,IND,Cleveland Cavaliers,Indiana Pacers,109,129,0.6,Game 4
Bennedict Mathurin,IND,Cleveland Cavaliers,Indiana Pacers,109,129,-1.1,Game 4
Obi Toppin,IND,Indiana Pacers,Cleveland Cavaliers,114,105,4.1,Game 5
Ben Sheppard,IND,Indiana Pacers,Cleveland Cavaliers,114,105,2.2,Game 5
Bennedict Mathurin,IND,Indiana Pacers,Cleveland Cavaliers,114,105,0.9,Game 5
Thomas Bryant,IND,Indiana Pacers,Cleveland Cavaliers,114,105,7.1,Game 5
T.J. McConnell,IND,Indiana Pacers,Cleveland Cavaliers,114,105,0.0,Game 5
Jarace Walker,IND,Indiana Pacers,Cleveland Cavaliers,114,105,0.0,Game 5
De'Andre Hunter,CLE,Indiana Pacers,Cleveland Cavaliers,114,105,7.6,Game 5
Dean Wade,CLE,Indiana Pacers,Cleveland Cavaliers,114,105,2.7,Game 5
Isaac Okoro,CLE,Indiana Pacers,Cleveland Cavaliers,114,105,0.6,Game 5
Ty Jerome,CLE,Indiana Pacers,Cleveland Cavaliers,114,105,6.9,Game 5
Sam Merrill,CLE,Indiana Pacers,Cleveland Cavaliers,114,105,,Game 5
Mitchell Robinson,NYK,New York Knicks,Boston Celtics,108,105,2.3,Game 1
Miles McBride,NYK,New York Knicks,Boston Celtics,108,105,8.9,Game 1
Precious Achiuwa,NYK,New York Knicks,Boston Celtics,108,105,-0.1,Game 1
Cameron Payne,NYK,New York Knicks,Boston Celtics,108,105,-2.2,Game 1
Al Horford,BOS,New York Knicks,Boston Celtics,108,105,6.0,Game 1
Payton Pritchard,BOS,New York Knicks,Boston Celtics,108,105,9.8,Game 1
Luke Kornet,BOS,New York Knicks,Boston Celtics,108,105,3.8,Game 1
Sam Hauser,BOS,New York Knicks,Boston Celtics,108,105,-1.8,Game 1
Mitchell Robinson,NYK,New York Knicks,Boston Celtics,91,90,7.9,Game 2
Miles McBride,NYK,New York Knicks,Boston Celtics,91,90,5.0,Game 2
Cameron Payne,NYK,New York Knicks,Boston Celtics,91,90,0.0,Game 2
Payton Pritchard,BOS,New York Knicks,Boston Celtics,91,90,4.9,Game 2
Luke Kornet,BOS,New York Knicks,Boston Celtics,91,90,7.1,Game 2
Kristaps Porziņģis,BOS,New York Knicks,Boston Celtics,91,90,5.9,Game 2
Sam Hauser,BOS,New York Knicks,Boston Celtics,91,90,,Game 2
Payton Pritchard,BOS,Boston Celtics,New York Knicks,115,93,18.2,Game 3
Kristaps Porziņģis,BOS,Boston Celtics,New York Knicks,115,93,5.2,Game 3
Luke Kornet,BOS,Boston Celtics,New York Knicks,115,93,5.9,Game 3
Torrey Craig,BOS,Boston Celtics,New York Knicks,115,93,0.0,Game 3
Neemias Queta,BOS,Boston Celtics,New York Knicks,115,93,0.0,Game 3
Baylor Scheierman,BOS,Boston Celtics,New York Knicks,115,93,-0.4,Game 3
Jordan Walsh,BOS,Boston Celtics,New York Knicks,115,93,0.0,Game 3
Miles McBride,NYK,Boston Celtics,New York Knicks,115,93,3.0,Game 3
Mitchell Robinson,NYK,Boston Celtics,New York Knicks,115,93,3.7,Game 3
Cameron Payne,NYK,Boston Celtics,New York Knicks,115,93,1.6,Game 3
Precious Achiuwa,NYK,Boston Celtics,New York Knicks,115,93,4.3,Game 3
Landry Shamet,NYK,Boston Celtics,New York Knicks,115,93,-0.7,Game 3
Delon Wright,NYK,Boston Celtics,New York Knicks,115,93,0.0,Game 3
Ariel Hukporti,NYK,Boston Celtics,New York Knicks,115,93,2.3,Game 3
Kristaps Porziņģis,BOS,Boston Celtics,New York Knicks,113,121,4.4,Game 4
Payton Pritchard,BOS,Boston Celtics,New York Knicks,113,121,6.6,Game 4
Luke Kornet,BOS,Boston Celtics,New York Knicks,113,121,0.0,Game 4
Mitchell Robinson,NYK,Boston Celtics,New York Knicks,113,121,7.0,Game 4
Miles McBride,NYK,Boston Celtics,New York Knicks,113,121,4.0,Game 4
Cameron Payne,NYK,Boston Celtics,New York Knicks,113,121,-2.5,Game 4
Precious Achiuwa,NYK,Boston Celtics,New York Knicks,113,121,-0.7,Game 4
Miles McBride,NYK,New York Knicks,Boston Celtics,102,127,9.3,Game 5
Mitchell Robinson,NYK,New York Knicks,Boston Celtics,102,127,13.9,Game 5
Cameron Payne,NYK,New York Knicks,Boston Celtics,102,127,-1.2,Game 5
Pacome Dadiet,NYK,New York Knicks,Boston Celtics,102,127,1.7,Game 5
Landry Shamet,NYK,New York Knicks,Boston Celtics,102,127,0.5,Game 5
Precious Achiuwa,NYK,New York Knicks,Boston Celtics,102,127,0.3,Game 5
Tyler Kolek,NYK,New York Knicks,Boston Celtics,102,127,0.0,Game 5
Payton Pritchard,BOS,New York Knicks,Boston Celtics,102,127,13.3,Game 5
Luke Kornet,BOS,New York Knicks,Boston Celtics,102,127,17.0,Game 5
Sam Hauser,BOS,New York Knicks,Boston Celtics,102,127,4.2,Game 5
Torrey Craig,BOS,New York Knicks,Boston Celtics,102,127,0.5,Game 5
Neemias Queta,BOS,New York Knicks,Boston Celtics,102,127,4.4,Game 5
JD Davison,BOS,New York Knicks,Boston Celtics,102,127,3.4,Game 5
Baylor Scheierman,BOS,New York Knicks,Boston Celtics,102,127,-1.1,Game 5
Jordan Walsh,BOS,New York Knicks,Boston Celtics,102,127,-0.7,Game 5
Payton Pritchard,BOS,Boston Celtics,New York Knicks,81,119,8.6,Game 6
Sam Hauser,BOS,Boston Celtics,New York Knicks,81,119,2.7,Game 6
Baylor Scheierman,BOS,Boston Celtics,New York Knicks,81,119,1.6,Game 6
Kristaps Porziņģis,BOS,Boston Celtics,New York Knicks,81,119,3.0,Game 6
Torrey Craig,BOS,Boston Celtics,New York Knicks,81,119,4.4,Game 6
Xavier Tillman Sr.,BOS,Boston Celtics,New York Knicks,81,119,0.9,Game 6
JD Davison,BOS,Boston Celtics,New York Knicks,81,119,-2.5,Game 6
Jordan Walsh,BOS,Boston Celtics,New York Knicks,81,119,0.3,Game 6
Neemias Queta,BOS,Boston Celtics,New York Knicks,81,119,2.3,Game 6
Miles McBride,NYK,Boston Celtics,New York Knicks,81,119,10.1,Game 6
Mitchell Robinson,NYK,Boston Celtics,New York Knicks,81,119,2.4,Game 6
Precious Achiuwa,NYK,Boston Celtics,New York Knicks,81,119,3.3,Game 6
Landry Shamet,NYK,Boston Celtics,New York Knicks,81,119,-0.4,Game 6
Cameron Payne,NYK,Boston Celtics,New York Knicks,81,119,0.9,Game 6
P.J. Tucker,NYK,Boston Celtics,New York Knicks,81,119,-0.4,Game 6
Tyler Kolek,NYK,Boston Celtics,New York Knicks,81,119,3.0,Game 6
Gary Payton II,GSW,Golden State Warriors,Minnesota Timberwolves,99,88,9.9,Game 1
Kevon Looney,GSW,Golden State Warriors,Minnesota Timberwolves,99,88,5.1,Game 1
Jonathan Kuminga,GSW,Golden State Warriors,Minnesota Timberwolves,99,88,3.6,Game 1
Pat Spencer,GSW,Golden State Warriors,Minnesota Timberwolves,99,88,3.6,Game 1
Moses Moody,GSW,Golden State Warriors,Minnesota Timberwolves,99,88,-2.8,Game 1
Quinten Post,GSW,Golden State Warriors,Minnesota Timberwolves,99,88,0.3,Game 1
Gui Santos,GSW,Golden State Warriors,Minnesota Timberwolves,99,88,-0.4,Game 1
Naz Reid,MIN,Golden State Warriors,Minnesota Timberwolves,99,88,11.5,Game 1
Donte DiVincenzo,MIN,Golden State Warriors,Minnesota Timberwolves,99,88,0.4,Game 1
Nickeil Alexander-Walker,MIN,Golden State Warriors,Minnesota Timberwolves,99,88,-2.9,Game 1
Terrence Shannon Jr.,MIN,Golden State Warriors,Minnesota Timberwolves,99,88,-0.7,Game 1
Jonathan Kuminga,GSW,Golden State Warriors,Minnesota Timberwolves,93,117,12.5,Game 2
Trayce Jackson-Davis,GSW,Golden State Warriors,Minnesota Timberwolves,93,117,14.8,Game 2
Moses Moody,GSW,Golden State Warriors,Minnesota Timberwolves,93,117,-1.4,Game 2
Pat Spencer,GSW,Golden State Warriors,Minnesota Timberwolves,93,117,-1.9,Game 2
Gary Payton II,GSW,Golden State Warriors,Minnesota Timberwolves,93,117,0.3,Game 2
Kevin Knox,GSW,Golden State Warriors,Minnesota Timberwolves,93,117,1.5,Game 2
Gui Santos,GSW,Golden State Warriors,Minnesota Timberwolves,93,117,-0.4,Game 2
Braxton Key,GSW,Golden State Warriors,Minnesota Timberwolves,93,117,2.0,Game 2
Kevon Looney,GSW,Golden State Warriors,Minnesota Timberwolves,93,117,0.0,Game 2
Stephen Curry,GSW,Golden State Warriors,Minnesota Timberwolves,93,117,,Game 2
Naz Reid,MIN,Golden State Warriors,Minnesota Timberwolves,93,117,9.8,Game 2
Nickeil Alexander-Walker,MIN,Golden State Warriors,Minnesota Timberwolves,93,117,14.9,Game 2
Donte DiVincenzo,MIN,Golden State Warriors,Minnesota Timberwolves,93,117,7.3,Game 2
Josh Minott,MIN,Golden State Warriors,Minnesota Timberwolves,93,117,1.7,Game 2
Terrence Shannon Jr.,MIN,Golden State Warriors,Minnesota Timberwolves,93,117,3.3,Game 2
Jaylen Clark,MIN,Golden State Warriors,Minnesota Timberwolves,93,117,-1.1,Game 2
Leonard Miller,MIN,Golden State Warriors,Minnesota Timberwolves,93,117,1.7,Game 2
Luka Garza,MIN,Golden State Warriors,Minnesota Timberwolves,93,117,-0.4,Game 2
Naz Reid,MIN,Minnesota Timberwolves,Golden State Warriors,102,97,6.1,Game 3
Nickeil Alexander-Walker,MIN,Minnesota Timberwolves,Golden State Warriors,102,97,0.0,Game 3
Donte DiVincenzo,MIN,Minnesota Timberwolves,Golden State Warriors,102,97,-3.3,Game 3
Jonathan Kuminga,GSW,Minnesota Timberwolves,Golden State Warriors,102,97,24.3,Game 3
Gary Payton II,GSW,Minnesota Timberwolves,Golden State Warriors,102,97,0.1,Game 3
Kevon Looney,GSW,Minnesota Timberwolves,Golden State Warriors,102,97,4.0,Game 3
Moses Moody,GSW,Minnesota Timberwolves,Golden State Warriors,102,97,0.0,Game 3
Quinten Post,GSW,Minnesota Timberwolves,Golden State Warriors,102,97,-0.4,Game 3
Stephen Curry,GSW,Minnesota Timberwolves,Golden State Warriors,102,97,,Game 3
Donte DiVincenzo,MIN,Minnesota Timberwolves,Golden State Warriors,117,110,4.9,Game 4
Naz Reid,MIN,Minnesota Timberwolves,Golden State Warriors,117,110,1.8,Game 4
Nickeil Alexander-Walker,MIN,Minnesota Timberwolves,Golden State Warriors,117,110,10.8,Game 4
Jonathan Kuminga,GSW,Minnesota Timberwolves,Golden State Warriors,117,110,15.2,Game 4
Gary Payton II,GSW,Minnesota Timberwolves,Golden State Warriors,117,110,1.2,Game 4
Kevon Looney,GSW,Minnesota Timberwolves,Golden State Warriors,117,110,8.5,Game 4
Moses Moody,GSW,Minnesota Timberwolves,Golden State Warriors,117,110,2.9,Game 4
Gui Santos,GSW,Minnesota Timberwolves,Golden State Warriors,117,110,8.7,Game 4
Quinten Post,GSW,Minnesota Timberwolves,Golden State Warriors,117,110,4.3,Game 4
Kevin Knox,GSW,Minnesota Timberwolves,Golden State Warriors,117,110,1.0,Game 4
Pat Spencer,GSW,Minnesota Timberwolves,Golden State Warriors,117,110,2.0,Game 4
Braxton Key,GSW,Minnesota Timberwolves,Golden State Warriors,117,110,0.0,Game 4
Stephen Curry,GSW,Minnesota Timberwolves,Golden State Warriors,117,110,,Game 4
Jonathan Kuminga,GSW,Golden State Warriors,Minnesota Timberwolves,110,121,14.0,Game 5
Gui Santos,GSW,Golden State Warriors,Minnesota Timberwolves,110,121,2.6,Game 5
Moses Moody,GSW,Golden State Warriors,Minnesota Timberwolves,110,121,10.9,Game 5
Quinten Post,GSW,Golden State Warriors,Minnesota Timberwolves,110,121,-0.9,Game 5
Kevon Looney,GSW,Golden State Warriors,Minnesota Timberwolves,110,121,2.0,Game 5
Pat Spencer,GSW,Golden State Warriors,Minnesota Timberwolves,110,121,0.0,Game 5
Gary Payton II,GSW,Golden State Warriors,Minnesota Timberwolves,110,121,1.0,Game 5
Stephen Curry,GSW,Golden State Warriors,Minnesota Timberwolves,110,121,,Game 5
Donte DiVincenzo,MIN,Golden State Warriors,Minnesota Timberwolves,110,121,16.3,Game 5
Naz Reid,MIN,Golden State Warriors,Minnesota Timberwolves,110,121,7.2,Game 5
Nickeil Alexander-Walker,MIN,Golden State Warriors,Minnesota Timberwolves,110,121,-0.1,Game 5
Russell Westbrook,DEN,Denver Nuggets,Oklahoma City Thunder,121,119,8.3,Game 1
Peyton Watson,DEN,Denver Nuggets,Oklahoma City Thunder,121,119,4.0,Game 1
Julian Strawther,DEN,Denver Nuggets,Oklahoma City Thunder,121,119,1.0,Game 1
Alex Caruso,OKC,Denver Nuggets,Oklahoma City Thunder,121,119,21.3,Game 1
Cason Wallace,OKC,Denver Nuggets,Oklahoma City Thunder,121,119,3.5,Game 1
Aaron Wiggins,OKC,Denver Nuggets,Oklahoma City Thunder,121,119,6.3,Game 1
Isaiah Joe,OKC,Denver Nuggets,Oklahoma City Thunder,121,119,-1.5,Game 1
Jaylin Williams,OKC,Denver Nuggets,Oklahoma City Thunder,121,119,3.6,Game 1
Russell Westbrook,DEN,Denver Nuggets,Oklahoma City Thunder,106,149,10.3,Game 2
Peyton Watson,DEN,Denver Nuggets,Oklahoma City Thunder,106,149,8.6,Game 2
Julian Strawther,DEN,Denver Nuggets,Oklahoma City Thunder,106,149,4.6,Game 2
Zeke Nnaji,DEN,Denver Nuggets,Oklahoma City Thunder,106,149,2.4,Game 2
Jalen Pickett,DEN,Denver Nuggets,Oklahoma City Thunder,106,149,1.3,Game 2
Hunter Tyson,DEN,Denver Nuggets,Oklahoma City Thunder,106,149,8.9,Game 2
Vlatko Čančar,DEN,Denver Nuggets,Oklahoma City Thunder,106,149,-0.4,Game 2
DeAndre Jordan,DEN,Denver Nuggets,Oklahoma City Thunder,106,149,0.9,Game 2
Isaiah Joe,OKC,Denver Nuggets,Oklahoma City Thunder,106,149,13.8,Game 2
Aaron Wiggins,OKC,Denver Nuggets,Oklahoma City Thunder,106,149,6.1,Game 2
Ajay Mitchell,OKC,Denver Nuggets,Oklahoma City Thunder,106,149,5.9,Game 2
Jaylin Williams,OKC,Denver Nuggets,Oklahoma City Thunder,106,149,1.6,Game 2
Kenrich Williams,OKC,Denver Nuggets,Oklahoma City Thunder,106,149,3.8,Game 2
Cason Wallace,OKC,Denver Nuggets,Oklahoma City Thunder,106,149,9.6,Game 2
Alex Caruso,OKC,Denver Nuggets,Oklahoma City Thunder,106,149,1.0,Game 2
Dillon Jones,OKC,Denver Nuggets,Oklahoma City Thunder,106,149,5.0,Game 2
Ousmane Dieng,OKC,Denver Nuggets,Oklahoma City Thunder,106,149,1.2,Game 2
Alex Caruso,OKC,Oklahoma City Thunder,Denver Nuggets,104,113,3.3,Game 3
Cason Wallace,OKC,Oklahoma City Thunder,Denver Nuggets,104,113,1.9,Game 3
Jaylin Williams,OKC,Oklahoma City Thunder,Denver Nuggets,104,113,3.3,Game 3
Aaron Wiggins,OKC,Oklahoma City Thunder,Denver Nuggets,104,113,7.4,Game 3
Isaiah Joe,OKC,Oklahoma City Thunder,Denver Nuggets,104,113,1.5,Game 3
Russell Westbrook,DEN,Oklahoma City Thunder,Denver Nuggets,104,113,6.7,Game 3
Peyton Watson,DEN,Oklahoma City Thunder,Denver Nuggets,104,113,5.7,Game 3
Zeke Nnaji,DEN,Oklahoma City Thunder,Denver Nuggets,104,113,0.0,Game 3
Alex Caruso,OKC,Oklahoma City Thunder,Denver Nuggets,92,87,5.9,Game 4
Cason Wallace,OKC,Oklahoma City Thunder,Denver Nuggets,92,87,9.2,Game 4
Aaron Wiggins,OKC,Oklahoma City Thunder,Denver Nuggets,92,87,8.2,Game 4
Jaylin Williams,OKC,Oklahoma City Thunder,Denver Nuggets,92,87,0.0,Game 4
Isaiah Joe,OKC,Oklahoma City Thunder,Denver Nuggets,92,87,-1.2,Game 4
Russell Westbrook,DEN,Oklahoma City Thunder,Denver Nuggets,92,87,-1.6,Game 4
Peyton Watson,DEN,Oklahoma City Thunder,Denver Nuggets,92,87,-1.7,Game 4
Julian Strawther,DEN,Oklahoma City Thunder,Denver Nuggets,92,87,-0.8,Game 4
Russell Westbrook,DEN,Denver Nuggets,Oklahoma City Thunder,105,112,1.0,Game 5
Peyton Watson,DEN,Denver Nuggets,Oklahoma City Thunder,105,112,2.6,Game 5
Julian Strawther,DEN,Denver Nuggets,Oklahoma City Thunder,105,112,3.9,Game 5
Alex Caruso,OKC,Denver Nuggets,Oklahoma City Thunder,105,112,8.6,Game 5
Cason Wallace,OKC,Denver Nuggets,Oklahoma City Thunder,105,112,5.2,Game 5
Aaron Wiggins,OKC,Denver Nuggets,Oklahoma City Thunder,105,112,2.0,Game 5
Jaylin Williams,OKC,Denver Nuggets,Oklahoma City Thunder,105,112,0.8,Game 5
Isaiah Joe,OKC,Denver Nuggets,Oklahoma City Thunder,105,112,0.3,Game 5
Alex Caruso,OKC,Oklahoma City Thunder,Denver Nuggets,107,119,7.8,Game 6
Cason Wallace,OKC,Oklahoma City Thunder,Denver Nuggets,107,119,7.3,Game 6
Jaylin Williams,OKC,Oklahoma City Thunder,Denver Nuggets,107,119,7.4,Game 6
Aaron Wiggins,OKC,Oklahoma City Thunder,Denver Nuggets,107,119,-1.5,Game 6
Isaiah Joe,OKC,Oklahoma City Thunder,Denver Nuggets,107,119,0.6,Game 6
Ousmane Dieng,OKC,Oklahoma City Thunder,Denver Nuggets,107,119,0.0,Game 6
Dillon Jones,OKC,Oklahoma City Thunder,Denver Nuggets,107,119,0.0,Game 6
Ajay Mitchell,OKC,Oklahoma City Thunder,Denver Nuggets,107,119,-0.7,Game 6
Julian Strawther,DEN,Oklahoma City Thunder,Denver Nuggets,107,119,10.8,Game 6
Russell Westbrook,DEN,Oklahoma City Thunder,Denver Nuggets,107,119,1.6,Game 6
Peyton Watson,DEN,Oklahoma City Thunder,Denver Nuggets,107,119,2.1,Game 6
Russell Westbrook,DEN,Denver Nuggets,Oklahoma City Thunder,93,125,0.0,Game 7
Peyton Watson,DEN,Denver Nuggets,Oklahoma City Thunder,93,125,-0.3,Game 7
Julian Strawther,DEN,Denver Nuggets,Oklahoma City Thunder,93,125,0.9,Game 7
Jalen Pickett,DEN,Denver Nuggets,Oklahoma City Thunder,93,125,5.3,Game 7
Hunter Tyson,DEN,Denver Nuggets,Oklahoma City Thunder,93,125,5.3,Game 7
Zeke Nnaji,DEN,Denver Nuggets,Oklahoma City Thunder,93,125,-1.2,Game 7
Cason Wallace,OKC,Denver Nuggets,Oklahoma City Thunder,93,125,6.6,Game 7
Alex Caruso,OKC,Denver Nuggets,Oklahoma City Thunder,93,125,12.0,Game 7
Aaron Wiggins,OKC,Denver Nuggets,Oklahoma City Thunder,93,125,7.5,Game 7
Ajay Mitchell,OKC,Denver Nuggets,Oklahoma City Thunder,93,125,3.3,Game 7
Kenrich Williams,OKC,Denver Nuggets,Oklahoma City Thunder,93,125,-1.2,Game 7
Jaylin Williams,OKC,Denver Nuggets,Oklahoma City Thunder,93,125,0.2,Game 7
Ousmane Dieng,OKC,Denver Nuggets,Oklahoma City Thunder,93,125,0.3,Game 7
Dillon Jones,OKC,Denver Nuggets,Oklahoma City Thunder,93,125,-1.7,Game 7
Isaiah Joe,OKC,Denver Nuggets,Oklahoma City Thunder,93,125,5.6,Game 7
Jonathan Isaac,ORL,Orlando Magic,Boston Celtics,86,103,6.4,Game 1
Anthony Black,ORL,Orlando Magic,Boston Celtics,86,103,3.3,Game 1
Gary Harris,ORL,Orlando Magic,Boston Celtics,86,103,-1.1,Game 1
Caleb Houstan,ORL,Orlando Magic,Boston Celtics,86,103,1.3,Game 1
Cole Anthony,ORL,Orlando Magic,Boston Celtics,86,103,3.0,Game 1
Goga Bitadze,ORL,Orlando Magic,Boston Celtics,86,103,0.0,Game 1
Tristan Da Silva,ORL,Orlando Magic,Boston Celtics,86,103,-0.7,Game 1
Al Horford,BOS,Orlando Magic,Boston Celtics,86,103,6.5,Game 1
Payton Pritchard,BOS,Orlando Magic,Boston Celtics,86,103,17.5,Game 1
Luke Kornet,BOS,Orlando Magic,Boston Celtics,86,103,2.0,Game 1
Sam Hauser,BOS,Orlando Magic,Boston Celtics,86,103,1.6,Game 1
Torrey Craig,BOS,Orlando Magic,Boston Celtics,86,103,1.0,Game 1
JD Davison,BOS,Orlando Magic,Boston Celtics,86,103,-0.4,Game 1
Jordan Walsh,BOS,Orlando Magic,Boston Celtics,86,103,0.0,Game 1
Anthony Black,ORL,Orlando Magic,Boston Celtics,100,109,6.4,Game 2
Gary Harris,ORL,Orlando Magic,Boston Celtics,100,109,6.4,Game 2
Caleb Houstan,ORL,Orlando Magic,Boston Celtics,100,109,-2.2,Game 2
Goga Bitadze,ORL,Orlando Magic,Boston Celtics,100,109,2.4,Game 2
Jonathan Isaac,ORL,Orlando Magic,Boston Celtics,100,109,0.7,Game 2
Cole Anthony,ORL,Orlando Magic,Boston Celtics,100,109,-2.5,Game 2
Payton Pritchard,BOS,Orlando Magic,Boston Celtics,100,109,7.2,Game 2
Sam Hauser,BOS,Orlando Magic,Boston Celtics,100,109,-1.9,Game 2
Luke Kornet,BOS,Orlando Magic,Boston Celtics,100,109,2.3,Game 2
Jayson Tatum,BOS,Orlando Magic,Boston Celtics,100,109,,Game 2
Payton Pritchard,BOS,Boston Celtics,Orlando Magic,93,95,0.1,Game 3
Luke Kornet,BOS,Boston Celtics,Orlando Magic,93,95,7.6,Game 3
Sam Hauser,BOS,Boston Celtics,Orlando Magic,93,95,-1.5,Game 3
Jrue Holiday,BOS,Boston Celtics,Orlando Magic,93,95,,Game 3
Gary Harris,ORL,Boston Celtics,Orlando Magic,93,95,0.1,Game 3
Jonathan Isaac,ORL,Boston Celtics,Orlando Magic,93,95,5.0,Game 3
Cole Anthony,ORL,Boston Celtics,Orlando Magic,93,95,-1.2,Game 3
Anthony Black,ORL,Boston Celtics,Orlando Magic,93,95,6.0,Game 3
Caleb Houstan,ORL,Boston Celtics,Orlando Magic,93,95,3.0,Game 3
Payton Pritchard,BOS,Boston Celtics,Orlando Magic,107,98,-0.5,Game 4
Sam Hauser,BOS,Boston Celtics,Orlando Magic,107,98,4.2,Game 4
Luke Kornet,BOS,Boston Celtics,Orlando Magic,107,98,2.1,Game 4
Gary Harris,ORL,Boston Celtics,Orlando Magic,107,98,-2.0,Game 4
Anthony Black,ORL,Boston Celtics,Orlando Magic,107,98,7.5,Game 4
Caleb Houstan,ORL,Boston Celtics,Orlando Magic,107,98,-2.5,Game 4
Jonathan Isaac,ORL,Boston Celtics,Orlando Magic,107,98,4.9,Game 4
Cole Anthony,ORL,Boston Celtics,Orlando Magic,107,98,-1.8,Game 4
Anthony Black,ORL,Orlando Magic,Boston Celtics,89,120,6.4,Game 5
Cole Anthony,ORL,Orlando Magic,Boston Celtics,89,120,-0.7,Game 5
Gary Harris,ORL,Orlando Magic,Boston Celtics,89,120,4.1,Game 5
Jonathan Isaac,ORL,Orlando Magic,Boston Celtics,89,120,0.5,Game 5
Caleb Houstan,ORL,Orlando Magic,Boston Celtics,89,120,-2.4,Game 5
Jett Howard,ORL,Orlando Magic,Boston Celtics,89,120,5.0,Game 5
Tristan Da Silva,ORL,Orlando Magic,Boston Celtics,89,120,-0.1,Game 5
Goga Bitadze,ORL,Orlando Magic,Boston Celtics,89,120,-0.8,Game 5
Payton Pritchard,BOS,Orlando Magic,Boston Celtics,89,120,5.2,Game 5
Luke Kornet,BOS,Orlando Magic,Boston Celtics,89,120,10.6,Game 5
Sam Hauser,BOS,Orlando Magic,Boston Celtics,89,120,8.4,Game 5
Torrey Craig,BOS,Orlando Magic,Boston Celtics,89,120,1.7,Game 5
Neemias Queta,BOS,Orlando Magic,Boston Celtics,89,120,4.1,Game 5
Baylor Scheierman,BOS,Orlando Magic,Boston Celtics,89,120,1.9,Game 5
JD Davison,BOS,Orlando Magic,Boston Celtics,89,120,0.3,Game 5
Jordan Walsh,BOS,Orlando Magic,Boston Celtics,89,120,0.7,Game 5
Davion Mitchell,MIA,Miami Heat,Cleveland Cavaliers,100,121,17.5,Game 1
Haywood Highsmith,MIA,Miami Heat,Cleveland Cavaliers,100,121,7.9,Game 1
Duncan Robinson,MIA,Miami Heat,Cleveland Cavaliers,100,121,3.8,Game 1
Kyle Anderson,MIA,Miami Heat,Cleveland Cavaliers,100,121,0.3,Game 1
Jaime Jaquez Jr.,MIA,Miami Heat,Cleveland Cavaliers,100,121,-0.7,Game 1
Keshad Johnson,MIA,Miami Heat,Cleveland Cavaliers,100,121,0.0,Game 1
Nikola Jović,MIA,Miami Heat,Cleveland Cavaliers,100,121,-0.7,Game 1
Pelle Larsson,MIA,Miami Heat,Cleveland Cavaliers,100,121,0.0,Game 1
Ty Jerome,CLE,Miami Heat,Cleveland Cavaliers,100,121,24.3,Game 1
Sam Merrill,CLE,Miami Heat,Cleveland Cavaliers,100,121,7.7,Game 1
De'Andre Hunter,CLE,Miami Heat,Cleveland Cavaliers,100,121,-0.8,Game 1
Isaac Okoro,CLE,Miami Heat,Cleveland Cavaliers,100,121,-0.8,Game 1
Dean Wade,CLE,Miami Heat,Cleveland Cavaliers,100,121,0.3,Game 1
Chuma Okeke,CLE,Miami Heat,Cleveland Cavaliers,100,121,0.0,Game 1
Craig Porter Jr.,CLE,Miami Heat,Cleveland Cavaliers,100,121,0.0,Game 1
Jaylon Tyson,CLE,Miami Heat,Cleveland Cavaliers,100,121,-0.8,Game 1
Javonte Green,CLE,Miami Heat,Cleveland Cavaliers,100,121,0.3,Game 1
Haywood Highsmith,MIA,Miami Heat,Cleveland Cavaliers,112,121,14.0,Game 2
Nikola Jović,MIA,Miami Heat,Cleveland Cavaliers,112,121,6.8,Game 2
Duncan Robinson,MIA,Miami Heat,Cleveland Cavaliers,112,121,1.2,Game 2
Pelle Larsson,MIA,Miami Heat,Cleveland Cavaliers,112,121,0.2,Game 2
Terry Rozier,MIA,Miami Heat,Cleveland Cavaliers,112,121,,Game 2
De'Andre Hunter,CLE,Miami Heat,Cleveland Cavaliers,112,121,8.9,Game 2
Ty Jerome,CLE,Miami Heat,Cleveland Cavaliers,112,121,1.3,Game 2
Sam Merrill,CLE,Miami Heat,Cleveland Cavaliers,112,121,6.9,Game 2
Isaac Okoro,CLE,Miami Heat,Cleveland Cavaliers,112,121,2.1,Game 2
Dean Wade,CLE,Miami Heat,Cleveland Cavaliers,112,121,1.0,Game 2
De'Andre Hunter,CLE,Cleveland Cavaliers,Miami Heat,124,87,18.9,Game 3
Dean Wade,CLE,Cleveland Cavaliers,Miami Heat,124,87,0.2,Game 3
Ty Jerome,CLE,Cleveland Cavaliers,Miami Heat,124,87,18.3,Game 3
Isaac Okoro,CLE,Cleveland Cavaliers,Miami Heat,124,87,6.6,Game 3
Jaylon Tyson,CLE,Cleveland Cavaliers,Miami Heat,124,87,8.8,Game 3
Javonte Green,CLE,Cleveland Cavaliers,Miami Heat,124,87,2.7,Game 3
Craig Porter Jr.,CLE,Cleveland Cavaliers,Miami Heat,124,87,0.7,Game 3
Tristan Thompson,CLE,Cleveland Cavaliers,Miami Heat,124,87,0.6,Game 3
Darius Garland,CLE,Cleveland Cavaliers,Miami Heat,124,87,,Game 3
Nikola Jović,MIA,Cleveland Cavaliers,Miami Heat,124,87,0.4,Game 3
Duncan Robinson,MIA,Cleveland Cavaliers,Miami Heat,124,87,3.9,Game 3
Pelle Larsson,MIA,Cleveland Cavaliers,Miami Heat,124,87,5.0,Game 3
Haywood Highsmith,MIA,Cleveland Cavaliers,Miami Heat,124,87,2.0,Game 3
Jaime Jaquez Jr.,MIA,Cleveland Cavaliers,Miami Heat,124,87,-1.0,Game 3
Terry Rozier,MIA,Cleveland Cavaliers,Miami Heat,124,87,,Game 3
De'Andre Hunter,CLE,Cleveland Cavaliers,Miami Heat,138,83,13.5,Game 4
Ty Jerome,CLE,Cleveland Cavaliers,Miami Heat,138,83,18.1,Game 4
Dean Wade,CLE,Cleveland Cavaliers,Miami Heat,138,83,5.8,Game 4
Isaac Okoro,CLE,Cleveland Cavaliers,Miami Heat,138,83,4.0,Game 4
Javonte Green,CLE,Cleveland Cavaliers,Miami Heat,138,83,10.9,Game 4
Jaylon Tyson,CLE,Cleveland Cavaliers,Miami Heat,138,83,6.3,Game 4
Craig Porter Jr.,CLE,Cleveland Cavaliers,Miami Heat,138,83,4.7,Game 4
Tristan Thompson,CLE,Cleveland Cavaliers,Miami Heat,138,83,5.5,Game 4
Chuma Okeke,CLE,Cleveland Cavaliers,Miami Heat,138,83,-1.1,Game 4
Darius Garland,CLE,Cleveland Cavaliers,Miami Heat,138,83,,Game 4
Nikola Jović,MIA,Cleveland Cavaliers,Miami Heat,138,83,20.7,Game 4
Pelle Larsson,MIA,Cleveland Cavaliers,Miami Heat,138,83,9.6,Game 4
Duncan Robinson,MIA,Cleveland Cavaliers,Miami Heat,138,83,-6.6,Game 4
Jaime Jaquez Jr.,MIA,Cleveland Cavaliers,Miami Heat,138,83,3.6,Game 4
Haywood Highsmith,MIA,Cleveland Cavaliers,Miami Heat,138,83,0.5,Game 4
Kyle Anderson,MIA,Cleveland Cavaliers,Miami Heat,138,83,-2.1,Game 4
Keshad Johnson,MIA,Cleveland Cavaliers,Miami Heat,138,83,1.0,Game 4
Terry Rozier,MIA,Cleveland Cavaliers,Miami Heat,138,83,,Game 4
Kevin Porter Jr.,MIL,Milwaukee Bucks,Indiana Pacers,98,117,13.5,Game 1
Gary Trent Jr.,MIL,Milwaukee Bucks,Indiana Pacers,98,117,11.3,Game 1
A.J. Green,MIL,Milwaukee Bucks,Indiana Pacers,98,117,7.5,Game 1
Bobby Portis,MIL,Milwaukee Bucks,Indiana Pacers,98,117,1.0,Game 1
Jericho Sims,MIL,Milwaukee Bucks,Indiana Pacers,98,117,-0.5,Game 1
Pat Connaughton,MIL,Milwaukee Bucks,Indiana Pacers,98,117,1.3,Game 1
Andre Jackson Jr.,MIL,Milwaukee Bucks,Indiana Pacers,98,117,-0.7,Game 1
Chris Livingston,MIL,Milwaukee Bucks,Indiana Pacers,98,117,0.3,Game 1
Bennedict Mathurin,IND,Milwaukee Bucks,Indiana Pacers,98,117,9.7,Game 1
Jarace Walker,IND,Milwaukee Bucks,Indiana Pacers,98,117,4.4,Game 1
T.J. McConnell,IND,Milwaukee Bucks,Indiana Pacers,98,117,10.0,Game 1
Obi Toppin,IND,Milwaukee Bucks,Indiana Pacers,98,117,4.1,Game 1
Thomas Bryant,IND,Milwaukee Bucks,Indiana Pacers,98,117,5.3,Game 1
Johnny Furphy,IND,Milwaukee Bucks,Indiana Pacers,98,117,0.0,Game 1
Bobby Portis,MIL,Milwaukee Bucks,Indiana Pacers,115,123,23.3,Game 2
Gary Trent Jr.,MIL,Milwaukee Bucks,Indiana Pacers,115,123,1.8,Game 2
Kevin Porter Jr.,MIL,Milwaukee Bucks,Indiana Pacers,115,123,2.9,Game 2
A.J. Green,MIL,Milwaukee Bucks,Indiana Pacers,115,123,-0.5,Game 2
Jericho Sims,MIL,Milwaukee Bucks,Indiana Pacers,115,123,-1.4,Game 2
Obi Toppin,IND,Milwaukee Bucks,Indiana Pacers,115,123,7.6,Game 2
Bennedict Mathurin,IND,Milwaukee Bucks,Indiana Pacers,115,123,9.2,Game 2
T.J. McConnell,IND,Milwaukee Bucks,Indiana Pacers,115,123,9.1,Game 2
Jarace Walker,IND,Milwaukee Bucks,Indiana Pacers,115,123,1.4,Game 2
Thomas Bryant,IND,Milwaukee Bucks,Indiana Pacers,115,123,0.3,Game 2
Thomas Bryant,IND,Indiana Pacers,Milwaukee Bucks,101,117,2.8,Game 3
T.J. McConnell,IND,Indiana Pacers,Milwaukee Bucks,101,117,0.9,Game 3
Obi Toppin,IND,Indiana Pacers,Milwaukee Bucks,101,117,5.5,Game 3
Ben Sheppard,IND,Indiana Pacers,Milwaukee Bucks,101,117,2.9,Game 3
Bennedict Mathurin,IND,Indiana Pacers,Milwaukee Bucks,101,117,4.1,Game 3
Jarace Walker,IND,Indiana Pacers,Milwaukee Bucks,101,117,0.6,Game 3
Tony Bradley,IND,Indiana Pacers,Milwaukee Bucks,101,117,2.8,Game 3
Johnny Furphy,IND,Indiana Pacers,Milwaukee Bucks,101,117,0.0,Game 3
Bobby Portis,MIL,Indiana Pacers,Milwaukee Bucks,101,117,6.5,Game 3
Kevin Porter Jr.,MIL,Indiana Pacers,Milwaukee Bucks,101,117,0.7,Game 3
A.J. Green,MIL,Indiana Pacers,Milwaukee Bucks,101,117,11.6,Game 3
Jericho Sims,MIL,Indiana Pacers,Milwaukee Bucks,101,117,7.0,Game 3
Taurean Prince,MIL,Indiana Pacers,Milwaukee Bucks,101,117,-0.8,Game 3
Pat Connaughton,MIL,Indiana Pacers,Milwaukee Bucks,101,117,0.0,Game 3
Ryan Rollins,MIL,Indiana Pacers,Milwaukee Bucks,101,117,-0.7,Game 3
T.J. McConnell,IND,Indiana Pacers,Milwaukee Bucks,129,103,13.9,Game 4
Ben Sheppard,IND,Indiana Pacers,Milwaukee Bucks,129,103,2.6,Game 4
Jarace Walker,IND,Indiana Pacers,Milwaukee Bucks,129,103,12.3,Game 4
Obi Toppin,IND,Indiana Pacers,Milwaukee Bucks,129,103,11.1,Game 4
Thomas Bryant,IND,Indiana Pacers,Milwaukee Bucks,129,103,1.6,Game 4
Johnny Furphy,IND,Indiana Pacers,Milwaukee Bucks,129,103,0.3,Game 4
Tony Bradley,IND,Indiana Pacers,Milwaukee Bucks,129,103,0.3,Game 4
Kevin Porter Jr.,MIL,Indiana Pacers,Milwaukee Bucks,129,103,20.0,Game 4
Bobby Portis,MIL,Indiana Pacers,Milwaukee Bucks,129,103,9.6,Game 4
A.J. Green,MIL,Indiana Pacers,Milwaukee Bucks,129,103,8.7,Game 4
Taurean Prince,MIL,Indiana Pacers,Milwaukee Bucks,129,103,-2.5,Game 4
Jericho Sims,MIL,Indiana Pacers,Milwaukee Bucks,129,103,7.4,Game 4
Pat Connaughton,MIL,Indiana Pacers,Milwaukee Bucks,129,103,-0.6,Game 4
Ryan Rollins,MIL,Indiana Pacers,Milwaukee Bucks,129,103,2.9,Game 4
Andre Jackson Jr.,MIL,Indiana Pacers,Milwaukee Bucks,129,103,0.0,Game 4
Chris Livingston,MIL,Indiana Pacers,Milwaukee Bucks,129,103,-0.7,Game 4
Kyle Kuzma,MIL,Milwaukee Bucks,Indiana Pacers,118,119,2.4,Game 5
Jericho Sims,MIL,Milwaukee Bucks,Indiana Pacers,118,119,4.1,Game 5
Brook Lopez,MIL,Milwaukee Bucks,Indiana Pacers,118,119,1.3,Game 5
Taurean Prince,MIL,Milwaukee Bucks,Indiana Pacers,118,119,-0.7,Game 5
T.J. McConnell,IND,Milwaukee Bucks,Indiana Pacers,118,119,15.1,Game 5
Bennedict Mathurin,IND,Milwaukee Bucks,Indiana Pacers,118,119,3.0,Game 5
Obi Toppin,IND,Milwaukee Bucks,Indiana Pacers,118,119,2.9,Game 5
Jarace Walker,IND,Milwaukee Bucks,Indiana Pacers,118,119,-2.2,Game 5
Ben Sheppard,IND,Milwaukee Bucks,Indiana Pacers,118,119,0.3,Game 5
Thomas Bryant,IND,Milwaukee Bucks,Indiana Pacers,118,119,0.0,Game 5
Malik Beasley,DET,Detroit Pistons,New York Knicks,112,123,14.5,Game 1
Dennis Schröder,DET,Detroit Pistons,New York Knicks,112,123,5.2,Game 1
Isaiah Stewart,DET,Detroit Pistons,New York Knicks,112,123,3.0,Game 1
Ron Holland,DET,Detroit Pistons,New York Knicks,112,123,-1.3,Game 1
Mitchell Robinson,NYK,Detroit Pistons,New York Knicks,112,123,10.1,Game 1
Miles McBride,NYK,Detroit Pistons,New York Knicks,112,123,-0.8,Game 1
Cameron Payne,NYK,Detroit Pistons,New York Knicks,112,123,10.6,Game 1
Landry Shamet,NYK,Detroit Pistons,New York Knicks,112,123,0.0,Game 1
Malik Beasley,DET,Detroit Pistons,New York Knicks,100,94,3.7,Game 2
Dennis Schröder,DET,Detroit Pistons,New York Knicks,100,94,14.9,Game 2
Paul Reed,DET,Detroit Pistons,New York Knicks,100,94,4.4,Game 2
Ron Holland,DET,Detroit Pistons,New York Knicks,100,94,-0.4,Game 2
Isaiah Stewart,DET,Detroit Pistons,New York Knicks,100,94,,Game 2
Mitchell Robinson,NYK,Detroit Pistons,New York Knicks,100,94,1.6,Game 2
Miles McBride,NYK,Detroit Pistons,New York Knicks,100,94,3.6,Game 2
Landry Shamet,NYK,Detroit Pistons,New York Knicks,100,94,-1.0,Game 2
Cameron Payne,NYK,Detroit Pistons,New York Knicks,100,94,-2.2,Game 2
Mitchell Robinson,NYK,New York Knicks,Detroit Pistons,118,116,3.1,Game 3
Miles McBride,NYK,New York Knicks,Detroit Pistons,118,116,0.1,Game 3
Cameron Payne,NYK,New York Knicks,Detroit Pistons,118,116,2.2,Game 3
Landry Shamet,NYK,New York Knicks,Detroit Pistons,118,116,0.0,Game 3
Dennis Schröder,DET,New York Knicks,Detroit Pistons,118,116,16.6,Game 3
Malik Beasley,DET,New York Knicks,Detroit Pistons,118,116,3.9,Game 3
Paul Reed,DET,New York Knicks,Detroit Pistons,118,116,6.2,Game 3
Ron Holland,DET,New York Knicks,Detroit Pistons,118,116,4.5,Game 3
Miles McBride,NYK,New York Knicks,Detroit Pistons,94,93,1.4,Game 4
Mitchell Robinson,NYK,New York Knicks,Detroit Pistons,94,93,-1.6,Game 4
Cameron Payne,NYK,New York Knicks,Detroit Pistons,94,93,-0.5,Game 4
Landry Shamet,NYK,New York Knicks,Detroit Pistons,94,93,0.0,Game 4
Dennis Schröder,DET,New York Knicks,Detroit Pistons,94,93,9.7,Game 4
Malik Beasley,DET,New York Knicks,Detroit Pistons,94,93,9.4,Game 4
Paul Reed,DET,New York Knicks,Detroit Pistons,94,93,3.3,Game 4
Ron Holland,DET,New York Knicks,Detroit Pistons,94,93,-1.1,Game 4
Malik Beasley,DET,Detroit Pistons,New York Knicks,106,103,3.2,Game 5
Dennis Schröder,DET,Detroit Pistons,New York Knicks,106,103,6.8,Game 5
Paul Reed,DET,Detroit Pistons,New York Knicks,106,103,1.6,Game 5
Ron Holland,DET,Detroit Pistons,New York Knicks,106,103,-0.9,Game 5
Isaiah Stewart,DET,Detroit Pistons,New York Knicks,106,103,,Game 5
Mitchell Robinson,NYK,Detroit Pistons,New York Knicks,106,103,13.7,Game 5
Miles McBride,NYK,Detroit Pistons,New York Knicks,106,103,1.0,Game 5
Cameron Payne,NYK,Detroit Pistons,New York Knicks,106,103,0.9,Game 5
Miles McBride,NYK,New York Knicks,Detroit Pistons,116,113,0.2,Game 6
Mitchell Robinson,NYK,New York Knicks,Detroit Pistons,116,113,0.0,Game 6
Cameron Payne,NYK,New York Knicks,Detroit Pistons,116,113,-0.2,Game 6
Dennis Schröder,DET,New York Knicks,Detroit Pistons,116,113,11.0,Game 6
Malik Beasley,DET,New York Knicks,Detroit Pistons,116,113,10.5,Game 6
Paul Reed,DET,New York Knicks,Detroit Pistons,116,113,1.0,Game 6
Derrick Jones Jr.,LAC,Los Angeles Clippers,Denver Nuggets,110,112,5.6,Game 1
Nicolas Batum,LAC,Los Angeles Clippers,Denver Nuggets,110,112,5.3,Game 1
Ben Simmons,LAC,Los Angeles Clippers,Denver Nuggets,110,112,1.2,Game 1
Bogdan Bogdanović,LAC,Los Angeles Clippers,Denver Nuggets,110,112,-3.8,Game 1
Russell Westbrook,DEN,Los Angeles Clippers,Denver Nuggets,110,112,10.6,Game 1
Peyton Watson,DEN,Los Angeles Clippers,Denver Nuggets,110,112,3.8,Game 1
Jalen Pickett,DEN,Los Angeles Clippers,Denver Nuggets,110,112,1.9,Game 1
Derrick Jones Jr.,LAC,Los Angeles Clippers,Denver Nuggets,105,102,2.3,Game 2
Nicolas Batum,LAC,Los Angeles Clippers,Denver Nuggets,105,102,6.8,Game 2
Bogdan Bogdanović,LAC,Los Angeles Clippers,Denver Nuggets,105,102,-4.0,Game 2
Ben Simmons,LAC,Los Angeles Clippers,Denver Nuggets,105,102,2.3,Game 2
Russell Westbrook,DEN,Los Angeles Clippers,Denver Nuggets,105,102,9.2,Game 2
Peyton Watson,DEN,Los Angeles Clippers,Denver Nuggets,105,102,4.5,Game 2
Jalen Pickett,DEN,Los Angeles Clippers,Denver Nuggets,105,102,0.3,Game 2
DeAndre Jordan,DEN,Los Angeles Clippers,Denver Nuggets,105,102,0.3,Game 2
Peyton Watson,DEN,Denver Nuggets,Los Angeles Clippers,83,117,-2.0,Game 3
Julian Strawther,DEN,Denver Nuggets,Los Angeles Clippers,83,117,-0.5,Game 3
Jalen Pickett,DEN,Denver Nuggets,Los Angeles Clippers,83,117,-2.7,Game 3
Russell Westbrook,DEN,Denver Nuggets,Los Angeles Clippers,83,117,-0.5,Game 3
DeAndre Jordan,DEN,Denver Nuggets,Los Angeles Clippers,83,117,-1.9,Game 3
Zeke Nnaji,DEN,Denver Nuggets,Los Angeles Clippers,83,117,-0.9,Game 3
Hunter Tyson,DEN,Denver Nuggets,Los Angeles Clippers,83,117,-1.7,Game 3
Nicolas Batum,LAC,Denver Nuggets,Los Angeles Clippers,83,117,14.0,Game 3
Derrick Jones Jr.,LAC,Denver Nuggets,Los Angeles Clippers,83,117,6.9,Game 3
Bogdan Bogdanović,LAC,Denver Nuggets,Los Angeles Clippers,83,117,0.9,Game 3
Ben Simmons,LAC,Denver Nuggets,Los Angeles Clippers,83,117,0.5,Game 3
Drew Eubanks,LAC,Denver Nuggets,Los Angeles Clippers,83,117,1.9,Game 3
Patty Mills,LAC,Denver Nuggets,Los Angeles Clippers,83,117,0.6,Game 3
Jordan Miller,LAC,Denver Nuggets,Los Angeles Clippers,83,117,1.2,Game 3
Kobe Brown,LAC,Denver Nuggets,Los Angeles Clippers,83,117,1.0,Game 3
Cam Christie,LAC,Denver Nuggets,Los Angeles Clippers,83,117,-0.7,Game 3
Peyton Watson,DEN,Denver Nuggets,Los Angeles Clippers,101,99,1.3,Game 4
Jalen Pickett,DEN,Denver Nuggets,Los Angeles Clippers,101,99,-1.1,Game 4
DeAndre Jordan,DEN,Denver Nuggets,Los Angeles Clippers,101,99,0.9,Game 4
Vlatko Čančar,DEN,Denver Nuggets,Los Angeles Clippers,101,99,-1.0,Game 4
Bogdan Bogdanović,LAC,Denver Nuggets,Los Angeles Clippers,101,99,5.1,Game 4
Nicolas Batum,LAC,Denver Nuggets,Los Angeles Clippers,101,99,1.7,Game 4
Derrick Jones Jr.,LAC,Denver Nuggets,Los Angeles Clippers,101,99,2.3,Game 4
Ben Simmons,LAC,Denver Nuggets,Los Angeles Clippers,101,99,-0.2,Game 4
Bogdan Bogdanović,LAC,Los Angeles Clippers,Denver Nuggets,115,131,13.1,Game 5
Nicolas Batum,LAC,Los Angeles Clippers,Denver Nuggets,115,131,2.2,Game 5
Derrick Jones Jr.,LAC,Los Angeles Clippers,Denver Nuggets,115,131,4.7,Game 5
Ben Simmons,LAC,Los Angeles Clippers,Denver Nuggets,115,131,0.3,Game 5
Kobe Brown,LAC,Los Angeles Clippers,Denver Nuggets,115,131,2.7,Game 5
Jordan Miller,LAC,Los Angeles Clippers,Denver Nuggets,115,131,0.3,Game 5
Cam Christie,LAC,Los Angeles Clippers,Denver Nuggets,115,131,1.0,Game 5
Drew Eubanks,LAC,Los Angeles Clippers,Denver Nuggets,115,131,-0.1,Game 5
Russell Westbrook,DEN,Los Angeles Clippers,Denver Nuggets,115,131,9.5,Game 5
DeAndre Jordan,DEN,Los Angeles Clippers,Denver Nuggets,115,131,1.9,Game 5
Peyton Watson,DEN,Los Angeles Clippers,Denver Nuggets,115,131,4.0,Game 5
Zeke Nnaji,DEN,Los Angeles Clippers,Denver Nuggets,115,131,2.3,Game 5
Hunter Tyson,DEN,Los Angeles Clippers,Denver Nuggets,115,131,1.7,Game 5
Vlatko Čančar,DEN,Los Angeles Clippers,Denver Nuggets,115,131,0.0,Game 5
Jalen Pickett,DEN,Los Angeles Clippers,Denver Nuggets,115,131,-1.0,Game 5
Julian Strawther,DEN,Los Angeles Clippers,Denver Nuggets,115,131,0.0,Game 5
Russell Westbrook,DEN,Denver Nuggets,Los Angeles Clippers,105,111,13.4,Game 6
Peyton Watson,DEN,Denver Nuggets,Los Angeles Clippers,105,111,6.8,Game 6
DeAndre Jordan,DEN,Denver Nuggets,Los Angeles Clippers,105,111,-1.5,Game 6
Nicolas Batum,LAC,Denver Nuggets,Los Angeles Clippers,105,111,11.9,Game 6
Bogdan Bogdanović,LAC,Denver Nuggets,Los Angeles Clippers,105,111,3.3,Game 6
Derrick Jones Jr.,LAC,Denver Nuggets,Los Angeles Clippers,105,111,6.5,Game 6
Nicolas Batum,LAC,Los Angeles Clippers,Denver Nuggets,101,120,4.9,Game 7
Bogdan Bogdanović,LAC,Los Angeles Clippers,Denver Nuggets,101,120,6.1,Game 7
Kris Dunn,LAC,Los Angeles Clippers,Denver Nuggets,101,120,2.2,Game 7
Kobe Brown,LAC,Los Angeles Clippers,Denver Nuggets,101,120,12.6,Game 7
Jordan Miller,LAC,Los Angeles Clippers,Denver Nuggets,101,120,7.8,Game 7
Drew Eubanks,LAC,Los Angeles Clippers,Denver Nuggets,101,120,-0.5,Game 7
Cam Christie,LAC,Los Angeles Clippers,Denver Nuggets,101,120,4.0,Game 7
Russell Westbrook,DEN,Los Angeles Clippers,Denver Nuggets,101,120,18.5,Game 7
Peyton Watson,DEN,Los Angeles Clippers,Denver Nuggets,101,120,10.3,Game 7
DeAndre Jordan,DEN,Los Angeles Clippers,Denver Nuggets,101,120,2.5,Game 7
Julian Strawther,DEN,Los Angeles Clippers,Denver Nuggets,101,120,0.9,Game 7
Jalen Pickett,DEN,Los Angeles Clippers,Denver Nuggets,101,120,-0.4,Game 7
Zeke Nnaji,DEN,Los Angeles Clippers,Denver Nuggets,101,120,0.7,Game 7
Hunter Tyson,DEN,Los Angeles Clippers,Denver Nuggets,101,120,0.0,Game 7
Gary Payton II,GSW,Golden State Warriors,Houston Rockets,95,85,6.2,Game 1
Buddy Hield,GSW,Golden State Warriors,Houston Rockets,95,85,0.5,Game 1
Quinten Post,GSW,Golden State Warriors,Houston Rockets,95,85,-1.9,Game 1
Kevon Looney,GSW,Golden State Warriors,Houston Rockets,95,85,-0.8,Game 1
Gui Santos,GSW,Golden State Warriors,Houston Rockets,95,85,3.6,Game 1
Jabari Smith Jr.,HOU,Golden State Warriors,Houston Rockets,95,85,9.2,Game 1
Tari Eason,HOU,Golden State Warriors,Houston Rockets,95,85,3.9,Game 1
Steven Adams,HOU,Golden State Warriors,Houston Rockets,95,85,8.9,Game 1
Jonathan Kuminga,GSW,Golden State Warriors,Houston Rockets,94,109,5.4,Game 2
Quinten Post,GSW,Golden State Warriors,Houston Rockets,94,109,9.6,Game 2
Buddy Hield,GSW,Golden State Warriors,Houston Rockets,94,109,4.5,Game 2
Kevon Looney,GSW,Golden State Warriors,Houston Rockets,94,109,7.0,Game 2
Pat Spencer,GSW,Golden State Warriors,Houston Rockets,94,109,8.3,Game 2
Gary Payton II,GSW,Golden State Warriors,Houston Rockets,94,109,-1.5,Game 2
Gui Santos,GSW,Golden State Warriors,Houston Rockets,94,109,-1.7,Game 2
Trayce Jackson-Davis,GSW,Golden State Warriors,Houston Rockets,94,109,2.3,Game 2
Kevin Knox,GSW,Golden State Warriors,Houston Rockets,94,109,1.3,Game 2
Braxton Key,GSW,Golden State Warriors,Houston Rockets,94,109,1.4,Game 2
Tari Eason,HOU,Golden State Warriors,Houston Rockets,94,109,12.0,Game 2
Jabari Smith Jr.,HOU,Golden State Warriors,Houston Rockets,94,109,4.2,Game 2
Steven Adams,HOU,Golden State Warriors,Houston Rockets,94,109,3.6,Game 2
Aaron Holiday,HOU,Golden State Warriors,Houston Rockets,94,109,-0.8,Game 2
Jeff Green,HOU,Golden State Warriors,Houston Rockets,94,109,-0.7,Game 2
Reed Sheppard,HOU,Golden State Warriors,Houston Rockets,94,109,-0.7,Game 2
Cam Whitmore,HOU,Golden State Warriors,Houston Rockets,94,109,-0.4,Game 2
Jeenathan Williams,HOU,Golden State Warriors,Houston Rockets,94,109,0.0,Game 2
Jock Landale,HOU,Golden State Warriors,Houston Rockets,94,109,,Game 2
Jae'Sean Tate,HOU,Golden State Warriors,Houston Rockets,94,109,,Game 2
Jabari Smith Jr.,HOU,Houston Rockets,Golden State Warriors,93,104,9.9,Game 3
Tari Eason,HOU,Houston Rockets,Golden State Warriors,93,104,3.9,Game 3
Steven Adams,HOU,Houston Rockets,Golden State Warriors,93,104,11.4,Game 3
Jock Landale,HOU,Houston Rockets,Golden State Warriors,93,104,,Game 3
Jae'Sean Tate,HOU,Houston Rockets,Golden State Warriors,93,104,,Game 3
Buddy Hield,GSW,Houston Rockets,Golden State Warriors,93,104,12.9,Game 3
Moses Moody,GSW,Houston Rockets,Golden State Warriors,93,104,5.3,Game 3
Gary Payton II,GSW,Houston Rockets,Golden State Warriors,93,104,14.1,Game 3
Kevon Looney,GSW,Houston Rockets,Golden State Warriors,93,104,1.6,Game 3
Jimmy Butler,GSW,Houston Rockets,Golden State Warriors,93,104,,Game 3
Steven Adams,HOU,Houston Rockets,Golden State Warriors,106,109,5.9,Game 4
Jabari Smith Jr.,HOU,Houston Rockets,Golden State Warriors,106,109,6.0,Game 4
Tari Eason,HOU,Houston Rockets,Golden State Warriors,106,109,3.1,Game 4
Jae'Sean Tate,HOU,Houston Rockets,Golden State Warriors,106,109,,Game 4
Quinten Post,GSW,Houston Rockets,Golden State Warriors,106,109,8.8,Game 4
Gary Payton II,GSW,Houston Rockets,Golden State Warriors,106,109,4.6,Game 4
Moses Moody,GSW,Houston Rockets,Golden State Warriors,106,109,1.2,Game 4
Trayce Jackson-Davis,GSW,Houston Rockets,Golden State Warriors,106,109,-1.5,Game 4
Kevon Looney,GSW,Houston Rockets,Golden State Warriors,106,109,-0.9,Game 4
Gui Santos,GSW,Houston Rockets,Golden State Warriors,106,109,0.0,Game 4
Moses Moody,GSW,Golden State Warriors,Houston Rockets,116,131,24.0,Game 5
Gui Santos,GSW,Golden State Warriors,Houston Rockets,116,131,6.2,Game 5
Kevin Knox,GSW,Golden State Warriors,Houston Rockets,116,131,11.0,Game 5
Quinten Post,GSW,Golden State Warriors,Houston Rockets,116,131,0.0,Game 5
Pat Spencer,GSW,Golden State Warriors,Houston Rockets,116,131,10.1,Game 5
Trayce Jackson-Davis,GSW,Golden State Warriors,Houston Rockets,116,131,3.6,Game 5
Braxton Key,GSW,Golden State Warriors,Houston Rockets,116,131,-3.0,Game 5
Kevon Looney,GSW,Golden State Warriors,Houston Rockets,116,131,0.8,Game 5
Gary Payton II,GSW,Golden State Warriors,Houston Rockets,116,131,5.9,Game 5
Jonathan Kuminga,GSW,Golden State Warriors,Houston Rockets,116,131,,Game 5
Tari Eason,HOU,Golden State Warriors,Houston Rockets,116,131,4.7,Game 5
Steven Adams,HOU,Golden State Warriors,Houston Rockets,116,131,1.5,Game 5
Aaron Holiday,HOU,Golden State Warriors,Houston Rockets,116,131,5.2,Game 5
Jabari Smith Jr.,HOU,Golden State Warriors,Houston Rockets,116,131,2.8,Game 5
Reed Sheppard,HOU,Golden State Warriors,Houston Rockets,116,131,2.3,Game 5
Jock Landale,HOU,Golden State Warriors,Houston Rockets,116,131,1.0,Game 5
Jeff Green,HOU,Golden State Warriors,Houston Rockets,116,131,2.7,Game 5
Cam Whitmore,HOU,Golden State Warriors,Houston Rockets,116,131,0.0,Game 5
Jeenathan Williams,HOU,Golden State Warriors,Houston Rockets,116,131,-1.1,Game 5
Jae'Sean Tate,HOU,Golden State Warriors,Houston Rockets,116,131,,Game 5
Steven Adams,HOU,Houston Rockets,Golden State Warriors,115,107,18.4,Game 6
Jabari Smith Jr.,HOU,Houston Rockets,Golden State Warriors,115,107,6.0,Game 6
Tari Eason,HOU,Houston Rockets,Golden State Warriors,115,107,11.6,Game 6
Aaron Holiday,HOU,Houston Rockets,Golden State Warriors,115,107,2.3,Game 6
Jeff Green,HOU,Houston Rockets,Golden State Warriors,115,107,0.0,Game 6
Cam Whitmore,HOU,Houston Rockets,Golden State Warriors,115,107,-0.7,Game 6
Reed Sheppard,HOU,Houston Rockets,Golden State Warriors,115,107,-0.7,Game 6
Jeenathan Williams,HOU,Houston Rockets,Golden State Warriors,115,107,-1.0,Game 6
Jock Landale,HOU,Houston Rockets,Golden State Warriors,115,107,,Game 6
Jae'Sean Tate,HOU,Houston Rockets,Golden State Warriors,115,107,,Game 6
Brandin Podziemski,GSW,Houston Rockets,Golden State Warriors,115,107,8.5,Game 6
Moses Moody,GSW,Houston Rockets,Golden State Warriors,115,107,6.5,Game 6
Quinten Post,GSW,Houston Rockets,Golden State Warriors,115,107,2.7,Game 6
Braxton Key,GSW,Houston Rockets,Golden State Warriors,115,107,0.6,Game 6
Pat Spencer,GSW,Houston Rockets,Golden State Warriors,115,107,5.7,Game 6
Trayce Jackson-Davis,GSW,Houston Rockets,Golden State Warriors,115,107,2.3,Game 6
Gui Santos,GSW,Houston Rockets,Golden State Warriors,115,107,2.4,Game 6
Kevin Knox,GSW,Houston Rockets,Golden State Warriors,115,107,-1.0,Game 6
Kevon Looney,GSW,Houston Rockets,Golden State Warriors,115,107,0.2,Game 6
Kevon Looney,GSW,Golden State Warriors,Houston Rockets,103,89,3.1,Game 7
Moses Moody,GSW,Golden State Warriors,Houston Rockets,103,89,-3.0,Game 7
Jonathan Kuminga,GSW,Golden State Warriors,Houston Rockets,103,89,-2.1,Game 7
Quinten Post,GSW,Golden State Warriors,Houston Rockets,103,89,0.0,Game 7
Trayce Jackson-Davis,GSW,Golden State Warriors,Houston Rockets,103,89,0.0,Game 7
Gui Santos,GSW,Golden State Warriors,Houston Rockets,103,89,0.0,Game 7
Pat Spencer,GSW,Golden State Warriors,Houston Rockets,103,89,0.0,Game 7
Gary Payton II,GSW,Golden State Warriors,Houston Rockets,103,89,,Game 7
Steven Adams,HOU,Golden State Warriors,Houston Rockets,103,89,2.1,Game 7
Tari Eason,HOU,Golden State Warriors,Houston Rockets,103,89,2.8,Game 7
Jabari Smith Jr.,HOU,Golden State Warriors,Houston Rockets,103,89,1.9,Game 7
Jock Landale,HOU,Golden State Warriors,Houston Rockets,103,89,,Game 7
Jae'Sean Tate,HOU,Golden State Warriors,Houston Rockets,103,89,,Game 7
Naz Reid,MIN,Minnesota Timberwolves,Los Angeles Lakers,117,95,21.7,Game 1
Donte DiVincenzo,MIN,Minnesota Timberwolves,Los Angeles Lakers,117,95,9.2,Game 1
Nickeil Alexander-Walker,MIN,Minnesota Timberwolves,Los Angeles Lakers,117,95,3.8,Game 1
Jaylen Clark,MIN,Minnesota Timberwolves,Los Angeles Lakers,117,95,2.6,Game 1
Josh Minott,MIN,Minnesota Timberwolves,Los Angeles Lakers,117,95,-0.7,Game 1
Terrence Shannon Jr.,MIN,Minnesota Timberwolves,Los Angeles Lakers,117,95,-0.7,Game 1
Luka Garza,MIN,Minnesota Timberwolves,Los Angeles Lakers,117,95,2.4,Game 1
Leonard Miller,MIN,Minnesota Timberwolves,Los Angeles Lakers,117,95,0.3,Game 1
Dorian Finney-Smith,LAL,Minnesota Timberwolves,Los Angeles Lakers,117,95,2.2,Game 1
Gabe Vincent,LAL,Minnesota Timberwolves,Los Angeles Lakers,117,95,2.3,Game 1
Jarred Vanderbilt,LAL,Minnesota Timberwolves,Los Angeles Lakers,117,95,4.7,Game 1
Jordan Goodwin,LAL,Minnesota Timberwolves,Los Angeles Lakers,117,95,-0.3,Game 1
Dalton Knecht,LAL,Minnesota Timberwolves,Los Angeles Lakers,117,95,4.7,Game 1
Bronny James,LAL,Minnesota Timberwolves,Los Angeles Lakers,117,95,-1.4,Game 1
Alex Len,LAL,Minnesota Timberwolves,Los Angeles Lakers,117,95,1.7,Game 1
Shake Milton,LAL,Minnesota Timberwolves,Los Angeles Lakers,117,95,-1.1,Game 1
Nickeil Alexander-Walker,MIN,Minnesota Timberwolves,Los Angeles Lakers,85,94,1.5,Game 2
Naz Reid,MIN,Minnesota Timberwolves,Los Angeles Lakers,85,94,4.7,Game 2
Donte DiVincenzo,MIN,Minnesota Timberwolves,Los Angeles Lakers,85,94,0.3,Game 2
Terrence Shannon Jr.,MIN,Minnesota Timberwolves,Los Angeles Lakers,85,94,1.6,Game 2
Dorian Finney-Smith,LAL,Minnesota Timberwolves,Los Angeles Lakers,85,94,6.5,Game 2
Gabe Vincent,LAL,Minnesota Timberwolves,Los Angeles Lakers,85,94,4.0,Game 2
Jarred Vanderbilt,LAL,Minnesota Timberwolves,Los Angeles Lakers,85,94,-0.4,Game 2
Jordan Goodwin,LAL,Minnesota Timberwolves,Los Angeles Lakers,85,94,-0.5,Game 2
Dorian Finney-Smith,LAL,Los Angeles Lakers,Minnesota Timberwolves,104,116,3.9,Game 3
Gabe Vincent,LAL,Los Angeles Lakers,Minnesota Timberwolves,104,116,4.3,Game 3
Jarred Vanderbilt,LAL,Los Angeles Lakers,Minnesota Timberwolves,104,116,1.5,Game 3
Jordan Goodwin,LAL,Los Angeles Lakers,Minnesota Timberwolves,104,116,2.8,Game 3
Bronny James,LAL,Los Angeles Lakers,Minnesota Timberwolves,104,116,0.0,Game 3
Dalton Knecht,LAL,Los Angeles Lakers,Minnesota Timberwolves,104,116,-0.7,Game 3
Alex Len,LAL,Los Angeles Lakers,Minnesota Timberwolves,104,116,0.0,Game 3
Shake Milton,LAL,Los Angeles Lakers,Minnesota Timberwolves,104,116,0.0,Game 3
Donte DiVincenzo,MIN,Los Angeles Lakers,Minnesota Timberwolves,104,116,7.7,Game 3
Naz Reid,MIN,Los Angeles Lakers,Minnesota Timberwolves,104,116,8.3,Game 3
Nickeil Alexander-Walker,MIN,Los Angeles Lakers,Minnesota Timberwolves,104,116,3.1,Game 3
Dorian Finney-Smith,LAL,Los Angeles Lakers,Minnesota Timberwolves,113,116,7.6,Game 4
Gabe Vincent,LAL,Los Angeles Lakers,Minnesota Timberwolves,113,116,-0.9,Game 4
Jordan Goodwin,LAL,Los Angeles Lakers,Minnesota Timberwolves,113,116,-0.9,Game 4
Jarred Vanderbilt,LAL,Los Angeles Lakers,Minnesota Timberwolves,113,116,0.6,Game 4
Donte DiVincenzo,MIN,Los Angeles Lakers,Minnesota Timberwolves,113,116,7.3,Game 4
Naz Reid,MIN,Los Angeles Lakers,Minnesota Timberwolves,113,116,9.1,Game 4
Nickeil Alexander-Walker,MIN,Los Angeles Lakers,Minnesota Timberwolves,113,116,1.3,Game 4
Terrence Shannon Jr.,MIN,Los Angeles Lakers,Minnesota Timberwolves,113,116,1.6,Game 4
Donte DiVincenzo,MIN,Minnesota Timberwolves,Los Angeles Lakers,103,96,3.6,Game 5
Nickeil Alexander-Walker,MIN,Minnesota Timberwolves,Los Angeles Lakers,103,96,2.7,Game 5
Naz Reid,MIN,Minnesota Timberwolves,Los Angeles Lakers,103,96,2.9,Game 5
Gabe Vincent,LAL,Minnesota Timberwolves,Los Angeles Lakers,103,96,-0.3,Game 5
Jarred Vanderbilt,LAL,Minnesota Timberwolves,Los Angeles Lakers,103,96,4.7,Game 5
Maxi Kleber,LAL,Minnesota Timberwolves,Los Angeles Lakers,103,96,-0.1,Game 5
John Konchar,MEM,Memphis Grizzlies,Oklahoma City Thunder,80,131,1.5,Game 1
Santi Aldama,MEM,Memphis Grizzlies,Oklahoma City Thunder,80,131,4.5,Game 1
Vince Williams Jr.,MEM,Memphis Grizzlies,Oklahoma City Thunder,80,131,1.6,Game 1
Marvin Bagley III,MEM,Memphis Grizzlies,Oklahoma City Thunder,80,131,18.2,Game 1
Jay Huff,MEM,Memphis Grizzlies,Oklahoma City Thunder,80,131,7.4,Game 1
Luke Kennard,MEM,Memphis Grizzlies,Oklahoma City Thunder,80,131,2.5,Game 1
Lamar Stevens,MEM,Memphis Grizzlies,Oklahoma City Thunder,80,131,-0.6,Game 1
Aaron Wiggins,OKC,Memphis Grizzlies,Oklahoma City Thunder,80,131,13.9,Game 1
Isaiah Joe,OKC,Memphis Grizzlies,Oklahoma City Thunder,80,131,2.7,Game 1
Jaylin Williams,OKC,Memphis Grizzlies,Oklahoma City Thunder,80,131,8.5,Game 1
Kenrich Williams,OKC,Memphis Grizzlies,Oklahoma City Thunder,80,131,6.8,Game 1
Ajay Mitchell,OKC,Memphis Grizzlies,Oklahoma City Thunder,80,131,2.5,Game 1
Cason Wallace,OKC,Memphis Grizzlies,Oklahoma City Thunder,80,131,2.8,Game 1
Alex Caruso,OKC,Memphis Grizzlies,Oklahoma City Thunder,80,131,3.7,Game 1
Dillon Jones,OKC,Memphis Grizzlies,Oklahoma City Thunder,80,131,-0.7,Game 1
Santi Aldama,MEM,Memphis Grizzlies,Oklahoma City Thunder,99,118,3.4,Game 2
Luke Kennard,MEM,Memphis Grizzlies,Oklahoma City Thunder,99,118,2.6,Game 2
Marvin Bagley III,MEM,Memphis Grizzlies,Oklahoma City Thunder,99,118,-3.2,Game 2
John Konchar,MEM,Memphis Grizzlies,Oklahoma City Thunder,99,118,0.6,Game 2
Cason Wallace,OKC,Memphis Grizzlies,Oklahoma City Thunder,99,118,6.6,Game 2
Alex Caruso,OKC,Memphis Grizzlies,Oklahoma City Thunder,99,118,14.6,Game 2
Isaiah Joe,OKC,Memphis Grizzlies,Oklahoma City Thunder,99,118,6.4,Game 2
Aaron Wiggins,OKC,Memphis Grizzlies,Oklahoma City Thunder,99,118,6.0,Game 2
Jaylin Williams,OKC,Memphis Grizzlies,Oklahoma City Thunder,99,118,-0.1,Game 2
Cason Wallace,OKC,Oklahoma City Thunder,Memphis Grizzlies,114,108,7.2,Game 3
Alex Caruso,OKC,Oklahoma City Thunder,Memphis Grizzlies,114,108,12.9,Game 3
Isaiah Joe,OKC,Oklahoma City Thunder,Memphis Grizzlies,114,108,10.5,Game 3
Aaron Wiggins,OKC,Oklahoma City Thunder,Memphis Grizzlies,114,108,-2.8,Game 3
Jaylin Williams,OKC,Oklahoma City Thunder,Memphis Grizzlies,114,108,0.3,Game 3
Ajay Mitchell,OKC,Oklahoma City Thunder,Memphis Grizzlies,114,108,0.9,Game 3
Luke Kennard,MEM,Oklahoma City Thunder,Memphis Grizzlies,114,108,8.6,Game 3
Santi Aldama,MEM,Oklahoma City Thunder,Memphis Grizzlies,114,108,8.4,Game 3
John Konchar,MEM,Oklahoma City Thunder,Memphis Grizzlies,114,108,4.1,Game 3
Vince Williams Jr.,MEM,Oklahoma City Thunder,Memphis Grizzlies,114,108,0.7,Game 3
Alex Caruso,OKC,Oklahoma City Thunder,Memphis Grizzlies,117,115,10.0,Game 4
Cason Wallace,OKC,Oklahoma City Thunder,Memphis Grizzlies,117,115,0.1,Game 4
Aaron Wiggins,OKC,Oklahoma City Thunder,Memphis Grizzlies,117,115,7.3,Game 4
Isaiah Joe,OKC,Oklahoma City Thunder,Memphis Grizzlies,117,115,9.7,Game 4
Jaylin Williams,OKC,Oklahoma City Thunder,Memphis Grizzlies,117,115,-1.1,Game 4
Kenrich Williams,OKC,Oklahoma City Thunder,Memphis Grizzlies,117,115,-1.8,Game 4
Vince Williams Jr.,MEM,Oklahoma City Thunder,Memphis Grizzlies,117,115,12.2,Game 4
Luke Kennard,MEM,Oklahoma City Thunder,Memphis Grizzlies,117,115,3.0,Game 4
John Konchar,MEM,Oklahoma City Thunder,Memphis Grizzlies,117,115,7.2,Game 4
Jay Huff,MEM,Oklahoma City Thunder,Memphis Grizzlies,117,115,1.3,Game 4
Lamar Stevens,MEM,Oklahoma City Thunder,Memphis Grizzlies,117,115,-0.4,Game 4
